-- MySQL dump 10.13  Distrib 8.0.44, for Win64 (x86_64)
--
-- Host: localhost    Database: reactsns
-- ------------------------------------------------------
-- Server version	8.0.44

/*!40101 SET @OLD_CHARACTER_SET_CLIENT=@@CHARACTER_SET_CLIENT */;
/*!40101 SET @OLD_CHARACTER_SET_RESULTS=@@CHARACTER_SET_RESULTS */;
/*!40101 SET @OLD_COLLATION_CONNECTION=@@COLLATION_CONNECTION */;
/*!50503 SET NAMES utf8 */;
/*!40103 SET @OLD_TIME_ZONE=@@TIME_ZONE */;
/*!40103 SET TIME_ZONE='+00:00' */;
/*!40014 SET @OLD_UNIQUE_CHECKS=@@UNIQUE_CHECKS, UNIQUE_CHECKS=0 */;
/*!40014 SET @OLD_FOREIGN_KEY_CHECKS=@@FOREIGN_KEY_CHECKS, FOREIGN_KEY_CHECKS=0 */;
/*!40101 SET @OLD_SQL_MODE=@@SQL_MODE, SQL_MODE='NO_AUTO_VALUE_ON_ZERO' */;
/*!40111 SET @OLD_SQL_NOTES=@@SQL_NOTES, SQL_NOTES=0 */;

--
-- Table structure for table `achievements`
--

DROP TABLE IF EXISTS `achievements`;
/*!40101 SET @saved_cs_client     = @@character_set_client */;
/*!50503 SET character_set_client = utf8mb4 */;
CREATE TABLE `achievements` (
  `id` bigint NOT NULL AUTO_INCREMENT,
  `code` varchar(50) NOT NULL,
  `name` varchar(100) NOT NULL,
  `description` varchar(255) DEFAULT NULL,
  `conditions` varchar(255) DEFAULT NULL,
  `created_at` datetime NOT NULL DEFAULT CURRENT_TIMESTAMP,
  `icon_url` varchar(500) DEFAULT NULL,
  PRIMARY KEY (`id`),
  UNIQUE KEY `code` (`code`)
) ENGINE=InnoDB DEFAULT CHARSET=utf8mb4 COLLATE=utf8mb4_0900_ai_ci;
/*!40101 SET character_set_client = @saved_cs_client */;

--
-- Dumping data for table `achievements`
--

LOCK TABLES `achievements` WRITE;
/*!40000 ALTER TABLE `achievements` DISABLE KEYS */;
/*!40000 ALTER TABLE `achievements` ENABLE KEYS */;
UNLOCK TABLES;

--
-- Table structure for table `chat_message`
--

DROP TABLE IF EXISTS `chat_message`;
/*!40101 SET @saved_cs_client     = @@character_set_client */;
/*!50503 SET character_set_client = utf8mb4 */;
CREATE TABLE `chat_message` (
  `id` bigint NOT NULL AUTO_INCREMENT,
  `room_id` bigint unsigned NOT NULL,
  `sender_id` bigint unsigned NOT NULL,
  `content` text NOT NULL,
  `created_at` datetime NOT NULL DEFAULT CURRENT_TIMESTAMP,
  PRIMARY KEY (`id`),
  KEY `fk_chat_message_user` (`sender_id`),
  KEY `idx_room_created` (`room_id`,`created_at`),
  CONSTRAINT `fk_chat_message_room` FOREIGN KEY (`room_id`) REFERENCES `chat_room` (`id`),
  CONSTRAINT `fk_chat_message_user` FOREIGN KEY (`sender_id`) REFERENCES `users` (`id`)
) ENGINE=InnoDB AUTO_INCREMENT=59 DEFAULT CHARSET=utf8mb4 COLLATE=utf8mb4_0900_ai_ci;
/*!40101 SET character_set_client = @saved_cs_client */;

--
-- Dumping data for table `chat_message`
--

LOCK TABLES `chat_message` WRITE;
/*!40000 ALTER TABLE `chat_message` DISABLE KEYS */;
INSERT INTO `chat_message` VALUES (1,1,2,'롤 채팅방 111','2025-11-25 16:32:13'),(2,1,1,'롤 채팅방 222','2025-11-25 16:32:38'),(3,3,1,'ㅁㄴㅇㅁㄴㅇ','2025-11-25 16:33:43'),(4,3,2,'aaa','2025-11-25 16:33:59'),(5,2,2,'오버워치 채팅방 111','2025-11-25 18:02:02'),(6,5,2,'발로란트 채팅방 111','2025-11-25 18:02:08'),(7,1,2,'롤 채팅방 333333','2025-11-25 18:02:14'),(8,6,2,'알림11111','2025-11-25 18:02:27'),(9,6,2,'22222','2025-11-25 18:02:29'),(10,6,2,'33333333','2025-11-25 18:02:31'),(11,1,3,'aaa','2025-11-25 18:02:46'),(12,1,3,'zz','2025-11-25 18:04:48'),(13,1,3,'111','2025-11-25 18:04:56'),(14,2,3,'123','2025-11-25 18:05:17'),(15,2,3,'222','2025-11-25 18:05:25'),(16,2,3,'33434','2025-11-25 18:05:31'),(17,5,3,'2525','2025-11-25 18:05:37'),(18,5,3,'2424','2025-11-25 18:05:43'),(19,1,3,'2233','2025-11-25 18:05:52'),(20,6,3,'444','2025-11-25 18:06:16'),(21,6,2,'555','2025-11-25 18:06:27'),(22,6,2,'safsf','2025-11-25 18:06:32'),(23,5,2,'215251','2025-11-25 18:06:38'),(24,5,2,'5555','2025-11-25 18:07:08'),(25,6,2,'55555','2025-11-25 18:07:31'),(26,1,2,'dddd','2025-11-25 18:07:46'),(27,6,2,'ㅇㅇㅇㅇ','2025-11-25 18:08:53'),(28,6,3,'ㅇㅇㅇㅇ','2025-11-25 18:08:57'),(29,1,2,'ㄱㄱㄱㄱ','2025-11-25 18:09:06'),(30,1,2,'ㅇㅇㅇ','2025-11-25 18:12:51'),(31,2,2,'ㅁㅁㅁ','2025-11-25 18:12:56'),(32,5,2,'ㅇㅇㅇㅇ','2025-11-25 18:12:59'),(33,5,2,'ㅇㅇㅇ','2025-11-25 18:13:09'),(34,3,2,'222','2025-11-25 18:13:20'),(35,3,2,'2424','2025-11-25 18:13:24'),(36,5,2,'ㅁㅁㅁ','2025-11-25 18:13:28'),(37,4,1,'ㅁㅁㅁ','2025-11-25 18:15:35'),(38,6,2,'ㅋㅋㅋㅋ','2025-11-25 18:19:27'),(39,1,3,'zz','2025-11-26 12:38:07'),(40,1,3,'dd','2025-11-26 12:38:14'),(41,6,3,'ㅈㅈㅈㅈ','2025-11-26 12:38:25'),(42,6,2,'1111','2025-11-26 13:15:21'),(43,6,3,'ㅇㅇㅇㅇ','2025-11-26 16:58:57'),(44,6,3,'2222','2025-11-26 16:59:03'),(45,6,3,'4444','2025-11-26 16:59:23'),(46,6,2,'11','2025-11-26 17:03:06'),(47,6,3,'22','2025-11-26 17:03:09'),(48,6,3,'ㅁㅁ','2025-11-26 17:03:59'),(49,6,3,'ㅇㅇㅇ','2025-11-26 17:14:07'),(50,6,3,'ㅁㄴㅇ','2025-11-26 17:14:08'),(51,6,3,'ㅂㅈㄷ','2025-11-26 17:14:09'),(52,6,3,'ㅁㄴㅇ','2025-11-26 17:14:26'),(53,6,3,'ㅈㅂㄱ','2025-11-26 17:14:31'),(54,6,3,'ㅁㄴㅇ','2025-11-26 17:54:18'),(55,1,3,'222','2025-11-26 17:54:24'),(56,1,1,'ㅁㅁㅁ','2025-11-27 16:39:43'),(57,3,2,'111','2025-11-27 16:40:21'),(58,1,2,'222','2025-11-27 17:41:16');
/*!40000 ALTER TABLE `chat_message` ENABLE KEYS */;
UNLOCK TABLES;

--
-- Table structure for table `chat_read`
--

DROP TABLE IF EXISTS `chat_read`;
/*!40101 SET @saved_cs_client     = @@character_set_client */;
/*!50503 SET character_set_client = utf8mb4 */;
CREATE TABLE `chat_read` (
  `room_id` bigint unsigned NOT NULL,
  `user_id` bigint unsigned NOT NULL,
  `last_read_at` datetime NOT NULL DEFAULT CURRENT_TIMESTAMP,
  PRIMARY KEY (`room_id`,`user_id`),
  KEY `fk_chat_read_user` (`user_id`),
  CONSTRAINT `fk_chat_read_room` FOREIGN KEY (`room_id`) REFERENCES `chat_room` (`id`),
  CONSTRAINT `fk_chat_read_user` FOREIGN KEY (`user_id`) REFERENCES `users` (`id`)
) ENGINE=InnoDB DEFAULT CHARSET=utf8mb4 COLLATE=utf8mb4_0900_ai_ci;
/*!40101 SET character_set_client = @saved_cs_client */;

--
-- Dumping data for table `chat_read`
--

LOCK TABLES `chat_read` WRITE;
/*!40000 ALTER TABLE `chat_read` DISABLE KEYS */;
INSERT INTO `chat_read` VALUES (1,1,'2025-11-27 16:39:43'),(1,2,'2025-11-28 11:39:01'),(1,3,'2025-11-26 17:54:24'),(2,1,'2025-11-27 15:12:38'),(2,2,'2025-11-26 17:10:07'),(2,3,'2025-11-25 18:05:31'),(3,1,'2025-11-25 18:15:55'),(3,2,'2025-11-27 16:40:21'),(4,1,'2025-11-25 18:15:56'),(5,1,'2025-11-25 18:15:51'),(5,2,'2025-11-26 17:10:09'),(5,3,'2025-11-25 18:07:47'),(6,2,'2025-11-27 17:55:06'),(6,3,'2025-11-26 17:54:18');
/*!40000 ALTER TABLE `chat_read` ENABLE KEYS */;
UNLOCK TABLES;

--
-- Table structure for table `chat_room`
--

DROP TABLE IF EXISTS `chat_room`;
/*!40101 SET @saved_cs_client     = @@character_set_client */;
/*!50503 SET character_set_client = utf8mb4 */;
CREATE TABLE `chat_room` (
  `id` bigint unsigned NOT NULL AUTO_INCREMENT,
  `type` enum('GAME','DM') NOT NULL,
  `game_id` bigint unsigned DEFAULT NULL,
  `created_at` datetime NOT NULL DEFAULT CURRENT_TIMESTAMP,
  `updated_at` datetime NOT NULL DEFAULT CURRENT_TIMESTAMP ON UPDATE CURRENT_TIMESTAMP,
  PRIMARY KEY (`id`),
  KEY `fk_chat_room_game` (`game_id`),
  CONSTRAINT `fk_chat_room_game` FOREIGN KEY (`game_id`) REFERENCES `games` (`id`)
) ENGINE=InnoDB AUTO_INCREMENT=7 DEFAULT CHARSET=utf8mb4 COLLATE=utf8mb4_0900_ai_ci;
/*!40101 SET character_set_client = @saved_cs_client */;

--
-- Dumping data for table `chat_room`
--

LOCK TABLES `chat_room` WRITE;
/*!40000 ALTER TABLE `chat_room` DISABLE KEYS */;
INSERT INTO `chat_room` VALUES (1,'GAME',1,'2025-11-25 16:32:06','2025-11-25 16:32:06'),(2,'GAME',3,'2025-11-25 16:32:48','2025-11-25 16:32:48'),(3,'DM',NULL,'2025-11-25 16:33:04','2025-11-25 16:33:04'),(4,'DM',NULL,'2025-11-25 17:09:57','2025-11-25 17:09:57'),(5,'GAME',2,'2025-11-25 17:15:34','2025-11-25 17:15:34'),(6,'DM',NULL,'2025-11-25 17:54:29','2025-11-25 17:54:29');
/*!40000 ALTER TABLE `chat_room` ENABLE KEYS */;
UNLOCK TABLES;

--
-- Table structure for table `chat_room_user`
--

DROP TABLE IF EXISTS `chat_room_user`;
/*!40101 SET @saved_cs_client     = @@character_set_client */;
/*!50503 SET character_set_client = utf8mb4 */;
CREATE TABLE `chat_room_user` (
  `room_id` bigint unsigned NOT NULL,
  `user_id` bigint unsigned NOT NULL,
  `joined_at` datetime NOT NULL DEFAULT CURRENT_TIMESTAMP,
  PRIMARY KEY (`room_id`,`user_id`),
  KEY `fk_chat_room_user_user` (`user_id`),
  CONSTRAINT `fk_chat_room_user_room` FOREIGN KEY (`room_id`) REFERENCES `chat_room` (`id`),
  CONSTRAINT `fk_chat_room_user_user` FOREIGN KEY (`user_id`) REFERENCES `users` (`id`)
) ENGINE=InnoDB DEFAULT CHARSET=utf8mb4 COLLATE=utf8mb4_0900_ai_ci;
/*!40101 SET character_set_client = @saved_cs_client */;

--
-- Dumping data for table `chat_room_user`
--

LOCK TABLES `chat_room_user` WRITE;
/*!40000 ALTER TABLE `chat_room_user` DISABLE KEYS */;
INSERT INTO `chat_room_user` VALUES (1,1,'2025-11-25 18:13:37'),(1,2,'2025-11-25 18:01:51'),(1,3,'2025-11-25 18:02:43'),(2,1,'2025-11-25 18:13:35'),(2,2,'2025-11-25 18:01:58'),(2,3,'2025-11-25 18:05:15'),(3,1,'2025-11-25 16:33:04'),(3,2,'2025-11-25 16:33:04'),(4,1,'2025-11-25 17:09:57'),(4,3,'2025-11-25 17:09:57'),(5,1,'2025-11-25 18:13:03'),(5,2,'2025-11-25 18:02:04'),(5,3,'2025-11-25 18:05:35'),(6,2,'2025-11-25 17:54:29'),(6,3,'2025-11-25 17:54:29');
/*!40000 ALTER TABLE `chat_room_user` ENABLE KEYS */;
UNLOCK TABLES;

--
-- Table structure for table `follows`
--

DROP TABLE IF EXISTS `follows`;
/*!40101 SET @saved_cs_client     = @@character_set_client */;
/*!50503 SET character_set_client = utf8mb4 */;
CREATE TABLE `follows` (
  `follower_id` bigint unsigned NOT NULL,
  `following_id` bigint unsigned NOT NULL,
  `created_at` datetime DEFAULT CURRENT_TIMESTAMP,
  PRIMARY KEY (`follower_id`,`following_id`),
  KEY `fk_follows_following` (`following_id`),
  CONSTRAINT `fk_follows_follower` FOREIGN KEY (`follower_id`) REFERENCES `users` (`id`) ON DELETE CASCADE,
  CONSTRAINT `fk_follows_following` FOREIGN KEY (`following_id`) REFERENCES `users` (`id`) ON DELETE CASCADE
) ENGINE=InnoDB DEFAULT CHARSET=utf8mb4 COLLATE=utf8mb4_0900_ai_ci;
/*!40101 SET character_set_client = @saved_cs_client */;

--
-- Dumping data for table `follows`
--

LOCK TABLES `follows` WRITE;
/*!40000 ALTER TABLE `follows` DISABLE KEYS */;
INSERT INTO `follows` VALUES (1,2,'2025-11-27 14:55:30'),(2,1,'2025-11-28 11:39:20'),(2,3,'2025-11-27 17:28:59'),(3,2,'2025-11-26 12:54:27');
/*!40000 ALTER TABLE `follows` ENABLE KEYS */;
UNLOCK TABLES;

--
-- Table structure for table `games`
--

DROP TABLE IF EXISTS `games`;
/*!40101 SET @saved_cs_client     = @@character_set_client */;
/*!50503 SET character_set_client = utf8mb4 */;
CREATE TABLE `games` (
  `id` bigint unsigned NOT NULL AUTO_INCREMENT,
  `name` varchar(100) NOT NULL,
  `slug` varchar(100) NOT NULL,
  `thumbnail_url` varchar(500) DEFAULT NULL,
  `external_source` varchar(20) DEFAULT NULL,
  `external_game_id` varchar(50) DEFAULT NULL,
  `created_at` timestamp NULL DEFAULT CURRENT_TIMESTAMP,
  PRIMARY KEY (`id`),
  UNIQUE KEY `name` (`name`),
  UNIQUE KEY `slug` (`slug`)
) ENGINE=InnoDB AUTO_INCREMENT=1392 DEFAULT CHARSET=utf8mb4 COLLATE=utf8mb4_0900_ai_ci;
/*!40101 SET character_set_client = @saved_cs_client */;

--
-- Dumping data for table `games`
--

LOCK TABLES `games` WRITE;
/*!40000 ALTER TABLE `games` DISABLE KEYS */;
INSERT INTO `games` VALUES (1,'League of Legends','league-of-legends','https://media.rawg.io/media/games/78b/78bc81e247fc7e77af700cbd632a9297.jpg','rawg','23598','2025-11-25 02:34:51'),(2,'Valorant','valorant','https://media.rawg.io/media/games/b11/b11127b9ee3c3701bd15b9af3286d20e.jpg','rawg','415171','2025-11-25 02:54:03'),(3,'Overwatch 2','overwatch-2','https://media.rawg.io/media/games/95a/95a10817d1fc648cff1153f3fa8ef6c5.jpg','rawg','388308','2025-11-25 02:54:03'),(4,'Grand Theft Auto V','grand-theft-auto-v','https://media.rawg.io/media/games/20a/20aa03a10cda45239fe22d035c0ebe64.jpg','rawg','3498','2025-11-28 00:59:34'),(5,'The Witcher 3: Wild Hunt','the-witcher-3-wild-hunt','https://media.rawg.io/media/games/618/618c2031a07bbff6b4f611f10b6bcdbc.jpg','rawg','3328','2025-11-28 00:59:34'),(6,'Portal 2','portal-2','https://media.rawg.io/media/games/2ba/2bac0e87cf45e5b508f227d281c9252a.jpg','rawg','4200','2025-11-28 00:59:34'),(7,'Counter-Strike: Global Offensive','counter-strike-global-offensive','https://media.rawg.io/media/games/736/73619bd336c894d6941d926bfd563946.jpg','rawg','4291','2025-11-28 00:59:34'),(8,'Tomb Raider (2013)','tomb-raider','https://media.rawg.io/media/games/021/021c4e21a1824d2526f925eff6324653.jpg','rawg','5286','2025-11-28 00:59:34'),(9,'Portal','portal','https://media.rawg.io/media/games/7fa/7fa0b586293c5861ee32490e953a4996.jpg','rawg','13536','2025-11-28 00:59:34'),(10,'Left 4 Dead 2','left-4-dead-2','https://media.rawg.io/media/games/d58/d588947d4286e7b5e0e12e1bea7d9844.jpg','rawg','12020','2025-11-28 00:59:34'),(11,'The Elder Scrolls V: Skyrim','the-elder-scrolls-v-skyrim','https://media.rawg.io/media/games/7cf/7cfc9220b401b7a300e409e539c9afd5.jpg','rawg','5679','2025-11-28 00:59:34'),(12,'Red Dead Redemption 2','red-dead-redemption-2','https://media.rawg.io/media/games/511/5118aff5091cb3efec399c808f8c598f.jpg','rawg','28','2025-11-28 00:59:34'),(13,'BioShock Infinite','bioshock-infinite','https://media.rawg.io/media/games/fc1/fc1307a2774506b5bd65d7e8424664a7.jpg','rawg','4062','2025-11-28 00:59:34'),(14,'Half-Life 2','half-life-2','https://media.rawg.io/media/games/b8c/b8c243eaa0fbac8115e0cdccac3f91dc.jpg','rawg','13537','2025-11-28 00:59:34'),(15,'Borderlands 2','borderlands-2','https://media.rawg.io/media/games/49c/49c3dfa4ce2f6f140cc4825868e858cb.jpg','rawg','802','2025-11-28 00:59:34'),(16,'Life is Strange','life-is-strange-episode-1-2','https://media.rawg.io/media/games/562/562553814dd54e001a541e4ee83a591c.jpg','rawg','3439','2025-11-28 00:59:34'),(17,'BioShock','bioshock','https://media.rawg.io/media/games/bc0/bc06a29ceac58652b684deefe7d56099.jpg','rawg','4286','2025-11-28 00:59:34'),(18,'Destiny 2','destiny-2','https://media.rawg.io/media/games/34b/34b1f1850a1c06fd971bc6ab3ac0ce0e.jpg','rawg','32','2025-11-28 00:59:34'),(19,'God of War (2018)','god-of-war-2','https://media.rawg.io/media/games/4be/4be6a6ad0364751a96229c56bf69be59.jpg','rawg','58175','2025-11-28 00:59:34'),(20,'Fallout 4','fallout-4','https://media.rawg.io/media/games/d82/d82990b9c67ba0d2d09d4e6fa88885a7.jpg','rawg','3070','2025-11-28 00:59:34'),(21,'PAYDAY 2','payday-2','https://media.rawg.io/media/games/73e/73eecb8909e0c39fb246f457b5d6cbbe.jpg','rawg','3939','2025-11-28 00:59:34'),(22,'Limbo','limbo','https://media.rawg.io/media/games/942/9424d6bb763dc38d9378b488603c87fa.jpg','rawg','1030','2025-11-28 00:59:34'),(23,'Team Fortress 2','team-fortress-2','https://media.rawg.io/media/games/46d/46d98e6910fbc0706e2948a7cc9b10c5.jpg','rawg','11859','2025-11-28 00:59:34'),(24,'DOOM (2016)','doom','https://media.rawg.io/media/games/587/587588c64afbff80e6f444eb2e46f9da.jpg','rawg','2454','2025-11-28 00:59:34'),(25,'Cyberpunk 2077','cyberpunk-2077','https://media.rawg.io/media/games/26d/26d4437715bee60138dab4a7c8c59c92.jpg','rawg','41494','2025-11-28 00:59:34'),(26,'Terraria','terraria','https://media.rawg.io/media/games/f46/f466571d536f2e3ea9e815ad17177501.jpg','rawg','422','2025-11-28 00:59:34'),(27,'Dota 2','dota-2','https://media.rawg.io/media/games/6fc/6fcf4cd3b17c288821388e6085bb0fc9.jpg','rawg','10213','2025-11-28 00:59:34'),(28,'Warframe','warframe','https://media.rawg.io/media/games/f87/f87457e8347484033cb34cde6101d08d.jpg','rawg','766','2025-11-28 00:59:34'),(29,'Grand Theft Auto IV','grand-theft-auto-iv','https://media.rawg.io/media/games/4a0/4a0a1316102366260e6f38fd2a9cfdce.jpg','rawg','4459','2025-11-28 00:59:34'),(30,'Rocket League','rocket-league','https://media.rawg.io/media/games/8cc/8cce7c0e99dcc43d66c8efd42f9d03e3.jpg','rawg','3272','2025-11-28 00:59:34'),(31,'Horizon Zero Dawn','horizon-zero-dawn','https://media.rawg.io/media/games/b7d/b7d3f1715fa8381a4e780173a197a615.jpg','rawg','278','2025-11-28 00:59:34'),(32,'Metro 2033','metro-2033','https://media.rawg.io/media/games/120/1201a40e4364557b124392ee50317b99.jpg','rawg','29028','2025-11-28 00:59:34'),(33,'Rise of the Tomb Raider','rise-of-the-tomb-raider','https://media.rawg.io/media/games/b45/b45575f34285f2c4479c9a5f719d972e.jpg','rawg','7689','2025-11-28 00:59:34'),(34,'Batman: Arkham Knight','batman-arkham-knight','https://media.rawg.io/media/games/310/3106b0e012271c5ffb16497b070be739.jpg','rawg','3287','2025-11-28 00:59:34'),(35,'Metal Gear Solid V: The Phantom Pain','metal-gear-solid-v-the-phantom-pain','https://media.rawg.io/media/games/490/49016e06ae2103881ff6373248843069.jpg','rawg','3192','2025-11-28 00:59:34'),(36,'The Witcher 2: Assassins of Kings Enhanced Edition','the-witcher-2-assassins-of-kings-enhanced-edition','https://media.rawg.io/media/games/6cd/6cd653e0aaef5ff8bbd295bf4bcb12eb.jpg','rawg','16944','2025-11-28 00:59:34'),(37,'Apex Legends','apex-legends','https://media.rawg.io/media/games/737/737ea5662211d2e0bbd6f5989189e4f1.jpg','rawg','290856','2025-11-28 00:59:34'),(38,'Grand Theft Auto: San Andreas','grand-theft-auto-san-andreas','https://media.rawg.io/media/games/960/960b601d9541cec776c5fa42a00bf6c4.jpg','rawg','416','2025-11-28 00:59:34'),(39,'The Witcher: Enhanced Edition Director\'s Cut','the-witcher-enhanced-edition-directors-cut','https://media.rawg.io/media/games/ee3/ee3e10193aafc3230ba1cae426967d10.jpg','rawg','17822','2025-11-28 00:59:34'),(40,'Hollow Knight','hollow-knight','https://media.rawg.io/media/games/4cf/4cfc6b7f1850590a4634b08bfab308ab.jpg','rawg','9767','2025-11-28 00:59:34'),(41,'Middle-earth: Shadow of Mordor','shadow-of-mordor','https://media.rawg.io/media/games/d1a/d1a2e99ade53494c6330a0ed945fe823.jpg','rawg','11973','2025-11-28 00:59:34'),(42,'Half-Life 2: Lost Coast','half-life-2-lost-coast','https://media.rawg.io/media/games/b7b/b7b8381707152afc7d91f5d95de70e39.jpg','rawg','19103','2025-11-28 00:59:34'),(43,'The Walking Dead: Season 1','the-walking-dead','https://media.rawg.io/media/games/8d6/8d69eb6c32ed6acfd75f82d532144993.jpg','rawg','23027','2025-11-28 00:59:34'),(44,'Little Nightmares','little-nightmares','https://media.rawg.io/media/games/8a0/8a02f84a5916ede2f923b88d5f8217ba.jpg','rawg','41','2025-11-28 00:59:35'),(45,'BioShock 2','bioshock-2','https://media.rawg.io/media/games/157/15742f2f67eacff546738e1ab5c19d20.jpg','rawg','4427','2025-11-28 00:59:35'),(46,'Half-Life','half-life','https://media.rawg.io/media/games/6c5/6c55e22185876626881b76c11922b073.jpg','rawg','18080','2025-11-28 00:59:35'),(47,'Half-Life 2: Episode One','half-life-2-episode-one','https://media.rawg.io/media/games/7a2/7a2500ee8b2c0e1ff268bb4479463dea.jpg','rawg','19710','2025-11-28 00:59:35'),(48,'Half-Life 2: Episode Two','half-life-2-episode-two','https://media.rawg.io/media/games/198/1988a337305e008b41d7f536ce9b73f6.jpg','rawg','19709','2025-11-28 00:59:35'),(49,'Half-Life 2: Deathmatch','half-life-2-deathmatch','https://media.rawg.io/media/games/ec3/ec3a7db7b8ab5a71aad622fe7c62632f.jpg','rawg','11936','2025-11-28 00:59:35'),(50,'Dark Souls III','dark-souls-iii','https://media.rawg.io/media/games/da1/da1b267764d77221f07a4386b6548e5a.jpg','rawg','2551','2025-11-28 00:59:35'),(51,'Stardew Valley','stardew-valley','https://media.rawg.io/media/games/713/713269608dc8f2f40f5a670a14b2de94.jpg','rawg','654','2025-11-28 00:59:35'),(52,'BioShock Remastered','bioshock-remastered','https://media.rawg.io/media/games/be0/be01c3d7d8795a45615da139322ca080.jpg','rawg','10754','2025-11-28 00:59:35'),(53,'Mirror\'s Edge','mirrors-edge','https://media.rawg.io/media/games/8e4/8e4de3f54ac659e08a7ba6a2b731682a.jpg','rawg','4252','2025-11-28 00:59:35'),(54,'Hotline Miami','hotline-miami','https://media.rawg.io/media/games/9fa/9fa63622543e5d4f6d99aa9d73b043de.jpg','rawg','3612','2025-11-28 00:59:35'),(55,'Hitman','hitman','https://media.rawg.io/media/games/16b/16b1b7b36e2042d1128d5a3e852b3b2f.jpg','rawg','10035','2025-11-28 00:59:35'),(56,'Outlast','outlast','https://media.rawg.io/media/games/9dd/9ddabb34840ea9227556670606cf8ea3.jpg','rawg','3790','2025-11-28 00:59:35'),(57,'Deus Ex: Mankind Divided','deus-ex-mankind-divided','https://media.rawg.io/media/games/00d/00d374f12a3ab5f96c500a2cfa901e15.jpg','rawg','1447','2025-11-28 00:59:35'),(58,'Far Cry 3','far-cry-3','https://media.rawg.io/media/games/15c/15c95a4915f88a3e89c821526afe05fc.jpg','rawg','4161','2025-11-28 00:59:35'),(59,'PlayerUnknown’s Battlegrounds','playerunknowns-battlegrounds','https://media.rawg.io/media/games/1bd/1bd2657b81eb0c99338120ad444b24ff.jpg','rawg','10142','2025-11-28 00:59:35'),(60,'Path of Exile','path-of-exile','https://media.rawg.io/media/games/d0f/d0f91fe1d92332147e5db74e207cfc7a.jpg','rawg','10533','2025-11-28 00:59:35'),(61,'Alan Wake','alan-wake','https://media.rawg.io/media/games/5c0/5c0dd63002cb23f804aab327d40ef119.jpg','rawg','19487','2025-11-28 00:59:35'),(62,'Garry\'s Mod','garrys-mod','https://media.rawg.io/media/games/48c/48cb04ca483be865e3a83119c94e6097.jpg','rawg','9721','2025-11-28 00:59:35'),(63,'Amnesia: The Dark Descent','amnesia-the-dark-descent','https://media.rawg.io/media/games/b54/b54598d1d5cc31899f4f0a7e3122a7b0.jpg','rawg','13668','2025-11-28 00:59:35'),(64,'Wolfenstein: The New Order','wolfenstein-the-new-order','https://media.rawg.io/media/games/c80/c80bcf321da44d69b18a06c04d942662.jpg','rawg','3696','2025-11-28 00:59:35'),(65,'Marvel\'s Spider-Man','marvels-spider-man','https://media.rawg.io/media/games/9aa/9aa42d16d425fa6f179fc9dc2f763647.jpg','rawg','58134','2025-11-28 00:59:35'),(66,'Half-Life Deathmatch: Source','half-life-deathmatch-source','https://media.rawg.io/media/games/174/174fabfca02d5730531bab2153a7dfcb.jpg','rawg','11935','2025-11-28 00:59:35'),(67,'Spec Ops: The Line','spec-ops-the-line','https://media.rawg.io/media/games/b49/b4912b5dbfc7ed8927b65f05b8507f6c.jpg','rawg','4332','2025-11-28 00:59:35'),(68,'Detroit: Become Human','detroit-become-human','https://media.rawg.io/media/games/951/951572a3dd1e42544bd39a5d5b42d234.jpg','rawg','29177','2025-11-28 00:59:35'),(69,'Saints Row: The Third','saints-row-the-third','https://media.rawg.io/media/games/d69/d69810315bd7e226ea2d21f9156af629.jpg','rawg','4386','2025-11-28 00:59:35'),(70,'Prey','prey','https://media.rawg.io/media/games/e6d/e6de699bd788497f4b52e2f41f9698f2.jpg','rawg','39','2025-11-28 00:59:35'),(71,'Fallout: New Vegas','fallout-new-vegas','https://media.rawg.io/media/games/995/9951d9d55323d08967640f7b9ab3e342.jpg','rawg','5563','2025-11-28 00:59:35'),(72,'Borderlands','borderlands','https://media.rawg.io/media/games/c6b/c6bfece1daf8d06bc0a60632ac78e5bf.jpg','rawg','4828','2025-11-28 00:59:35'),(73,'The Elder Scrolls V: Skyrim Special Edition','the-elder-scrolls-v-skyrim-special-edition','https://media.rawg.io/media/games/62c/62c7c8b28a27b83680b22fb9d33fc619.jpg','rawg','12447','2025-11-28 00:59:35'),(74,'Dishonored 2','dishonored-2','https://media.rawg.io/media/games/f6b/f6bed028b02369d4cab548f4f9337e81.jpg','rawg','864','2025-11-28 00:59:35'),(75,'Don\'t Starve Together','dont-starve-together','https://media.rawg.io/media/games/dd5/dd50d4266915d56dd5b63ae1bf72606a.jpg','rawg','9882','2025-11-28 00:59:35'),(76,'Dishonored','dishonored','https://media.rawg.io/media/games/4e6/4e6e8e7f50c237d76f38f3c885dae3d2.jpg','rawg','4248','2025-11-28 00:59:35'),(77,'Hellblade: Senua\'s Sacrifice','hellblade-senuas-sacrifice','https://media.rawg.io/media/games/63f/63f0e68688cad279ed38cde931dbfcdb.jpg','rawg','12536','2025-11-28 00:59:35'),(78,'Company of Heroes 2','company-of-heroes-2','https://media.rawg.io/media/games/0bd/0bd5646a3d8ee0ac3314bced91ea306d.jpg','rawg','10243','2025-11-28 00:59:35'),(79,'Injustice: Gods Among Us Ultimate Edition','injustice-gods-among-us-ultimate-edition','https://media.rawg.io/media/games/234/23410661770ae13eac11066980834367.jpg','rawg','17540','2025-11-28 00:59:35'),(80,'Grand Theft Auto: Vice City','grand-theft-auto-vice-city','https://media.rawg.io/media/games/13a/13a528ac9cf48bbb6be5d35fe029336d.jpg','rawg','430','2025-11-28 00:59:35'),(81,'Sid Meier\'s Civilization V','civilization-v','https://media.rawg.io/media/games/55e/55ee6432ac2bf224610fa17e4c652107.jpg','rawg','13633','2025-11-28 00:59:35'),(82,'Hitman: Absolution','hitman-absolution','https://media.rawg.io/media/games/d46/d46373f39458670305704ef089387520.jpg','rawg','5583','2025-11-28 00:59:35'),(83,'Assassin’s Creed IV: Black Flag','assassins-creed-iv-black-flag','https://media.rawg.io/media/games/849/849414b978db37d4563ff9e4b0d3a787.jpg','rawg','3841','2025-11-28 00:59:35'),(84,'L.A. Noire','la-noire','https://media.rawg.io/media/games/e2d/e2d3f396b16dded0f841c17c9799a882.jpg','rawg','4514','2025-11-28 00:59:36'),(85,'Super Meat Boy','super-meat-boy','https://media.rawg.io/media/games/e04/e04963f3ac4c4fa83a1dc0b9231e50db.jpg','rawg','3144','2025-11-28 00:59:36'),(86,'For Honor','for-honor','https://media.rawg.io/media/games/4e0/4e0e7b6d6906a131307c94266e5c9a1c.jpg','rawg','362','2025-11-28 00:59:36'),(87,'Control','control','https://media.rawg.io/media/games/253/2534a46f3da7fa7c315f1387515ca393.jpg','rawg','58812','2025-11-28 00:59:36'),(88,'Star Wars Jedi: Fallen Order','jedi-the-fallen-order','https://media.rawg.io/media/games/559/559bc0768f656ad0c63c54b80a82d680.jpg','rawg','257201','2025-11-28 00:59:36'),(89,'Counter-Strike: Source','counter-strike-source','https://media.rawg.io/media/games/48e/48e63bbddeddbe9ba81942772b156664.jpg','rawg','11934','2025-11-28 00:59:36'),(90,'Uncharted 4: A Thief’s End','uncharted-4-a-thiefs-end','https://media.rawg.io/media/games/709/709bf81f874ce5d25d625b37b014cb63.jpg','rawg','2462','2025-11-28 00:59:36'),(91,'Dead Space (2008)','dead-space','https://media.rawg.io/media/games/ebd/ebdbb7eb52bd58b0e7fa4538d9757b60.jpg','rawg','4570','2025-11-28 00:59:36'),(92,'Mass Effect 2','mass-effect-2','https://media.rawg.io/media/games/3cf/3cff89996570cf29a10eb9cd967dcf73.jpg','rawg','4806','2025-11-28 00:59:36'),(93,'Just Cause 3','just-cause-3','https://media.rawg.io/media/games/5bb/5bb55ccb8205aadbb6a144cf6d8963f1.jpg','rawg','3017','2025-11-28 00:59:36'),(94,'Metro: Last Light Redux','metro-last-light-redux','https://media.rawg.io/media/games/7a4/7a45e4cdc5b07f316d49cf147b083b27.jpg','rawg','3604','2025-11-28 00:59:36'),(95,'Death Stranding','death-stranding','https://media.rawg.io/media/games/2ad/2ad87a4a69b1104f02435c14c5196095.jpg','rawg','50738','2025-11-28 00:59:36'),(96,'Borderlands: The Pre-Sequel','borderlands-the-pre-sequel','https://media.rawg.io/media/games/530/5302dd22a190e664531236ca724e8726.jpg','rawg','3543','2025-11-28 00:59:36'),(97,'Counter-Strike','counter-strike','https://media.rawg.io/media/games/9c4/9c47f320eb73c9a02d462e12f6206b26.jpg','rawg','19301','2025-11-28 00:59:36'),(98,'Metro 2033 Redux','metro-redux','https://media.rawg.io/media/games/4fb/4fb548e4816c84d1d70f1a228fb167cc.jpg','rawg','3603','2025-11-28 00:59:36'),(99,'Left 4 Dead','left-4-dead','https://media.rawg.io/media/games/476/476178ef18ab0534771d099f51cdc694.jpg','rawg','13535','2025-11-28 00:59:36'),(100,'BioShock 2 Remastered','bioshock-2-remastered','https://media.rawg.io/media/games/7c4/7c448374df84b607f67ce9182a3a3ca7.jpg','rawg','11142','2025-11-28 00:59:36'),(101,'Metal Gear Solid V: Ground Zeroes','metal-gear-solid-v-ground-zeroes','https://media.rawg.io/media/games/7ac/7aca7ccf0e70cd0974cb899ab9e5158e.jpg','rawg','3747','2025-11-28 00:59:36'),(102,'Hades','hades-2018','https://media.rawg.io/media/games/1f4/1f47a270b8f241e4676b14d39ec620f7.jpg','rawg','274755','2025-11-28 00:59:36'),(103,'Mortal Kombat X','mortal-kombat-x','https://media.rawg.io/media/games/aa3/aa36ba4b486a03ddfaef274fb4f5afd4.jpg','rawg','108','2025-11-28 00:59:36'),(104,'NieR:Automata','nierautomata','https://media.rawg.io/media/games/5a4/5a44112251d70a25291cc33757220fce.jpg','rawg','10141','2025-11-28 00:59:36'),(105,'The Last Of Us Remastered','the-last-of-us-remastered','https://media.rawg.io/media/games/364/3642d850efb217c58feab80b8affaa89.jpg','rawg','3636','2025-11-28 00:59:36'),(106,'Mass Effect','mass-effect','https://media.rawg.io/media/games/a6c/a6ccd34125c594abf1a9c9821b9a715d.jpg','rawg','4166','2025-11-28 00:59:36'),(107,'Just Cause 2','just-cause-2','https://media.rawg.io/media/games/a3c/a3c529a12c896c0ef02db5b4741de2ba.jpg','rawg','4513','2025-11-28 00:59:36'),(108,'ARK: Survival Of The Fittest','ark-survival-of-the-fittest','https://media.rawg.io/media/games/095/0953bf01cd4e4dd204aba85489ac9868.jpg','rawg','11147','2025-11-28 00:59:36'),(109,'Fall Guys: Ultimate Knockout','fall-guys','https://media.rawg.io/media/games/5eb/5eb49eb2fa0738fdb5bacea557b1bc57.jpg','rawg','326292','2025-11-28 00:59:36'),(110,'Minecraft','minecraft','https://media.rawg.io/media/games/b4e/b4e4c73d5aa4ec66bbf75375c4847a2b.jpg','rawg','22509','2025-11-28 00:59:36'),(111,'Monster Hunter: World','monster-hunter-world-2','https://media.rawg.io/media/games/21c/21cc15d233117c6809ec86870559e105.jpg','rawg','46889','2025-11-28 00:59:36'),(112,'Mad Max','mad-max','https://media.rawg.io/media/games/d7d/d7d33daa1892e2468cd0263d5dfc957e.jpg','rawg','3191','2025-11-28 00:59:36'),(113,'Bastion','bastion','https://media.rawg.io/media/games/f99/f9979698c43fd84c3ab69280576dd3af.jpg','rawg','613','2025-11-28 00:59:36'),(114,'Middle-earth: Shadow of War','middle-earth-shadow-of-war','https://media.rawg.io/media/games/21a/21ad672cedee9b4378abb6c2d2e626ee.jpg','rawg','25','2025-11-28 00:59:36'),(115,'Batman: Arkham City - Game of the Year Edition','batman-arkham-city-goty','https://media.rawg.io/media/games/c50/c5085506fe4b5e20fc7aa5ace842c20b.jpg','rawg','17576','2025-11-28 00:59:36'),(116,'Paladins','paladins','https://media.rawg.io/media/games/d2c/d2c74dacd89fd817c2deb625b01adb1a.jpg','rawg','10989','2025-11-28 00:59:36'),(117,'Resident Evil 7: Biohazard','resident-evil-7-biohazard','https://media.rawg.io/media/games/cee/cee577e2097a59b77193fe2bce94667d.jpg','rawg','480','2025-11-28 00:59:36'),(118,'ARK: Survival Evolved','ark-survival-evolved','https://media.rawg.io/media/games/58a/58ac7f6569259dcc0b60b921869b19fc.jpg','rawg','9810','2025-11-28 00:59:36'),(119,'Titanfall 2','titanfall-2','https://media.rawg.io/media/games/569/56978b5a77f13aa2ec5d09ec81d01cad.jpg','rawg','923','2025-11-28 00:59:36'),(120,'Bloodborne','bloodborne','https://media.rawg.io/media/games/214/214b29aeff13a0ae6a70fc4426e85991.jpg','rawg','3387','2025-11-28 00:59:36'),(121,'Cities: Skylines','cities-skylines','https://media.rawg.io/media/games/25c/25c4776ab5723d5d735d8bf617ca12d9.jpg','rawg','10065','2025-11-28 00:59:36'),(122,'Journey','journey','https://media.rawg.io/media/games/baf/baf9905270314e07e6850cffdb51df41.jpg','rawg','3254','2025-11-28 00:59:36'),(123,'Batman: Arkham Asylum Game of the Year Edition','batman-aa-goty','https://media.rawg.io/media/games/fd8/fd882c8267a44621a0de6f9cec77ae90.jpg','rawg','17572','2025-11-28 00:59:36'),(124,'Undertale','undertale','https://media.rawg.io/media/games/ffe/ffed87105b14f5beff72ff44a7793fd5.jpg','rawg','13627','2025-11-28 00:59:37'),(125,'Unturned','unturned','https://media.rawg.io/media/games/18c/18ca24ed4b700668c36b11ebc35f3d23.jpg','rawg','9743','2025-11-28 00:59:38'),(126,'Warhammer: Vermintide 2','warhammer-vermintide-2','https://media.rawg.io/media/games/5be/5bec14622f6faf804a592176577c1347.jpg','rawg','45969','2025-11-28 00:59:38'),(127,'XCOM: Enemy Unknown','xcom-enemy-unknown','https://media.rawg.io/media/games/238/2383a172b4d50a7b44e07980eb7141ea.jpg','rawg','13910','2025-11-28 00:59:38'),(128,'Fallout','fallout-a-post-nuclear-role-playing-game','https://media.rawg.io/media/games/14a/14a83c56ff668baaced6e8c8704b6391.jpg','rawg','13554','2025-11-28 00:59:38'),(129,'Far Cry 5','far-cry-5','https://media.rawg.io/media/games/bce/bce62fbc7cf74bf6a1a37340993ec148.jpg','rawg','23585','2025-11-28 00:59:38'),(130,'Brothers: A Tale of Two Sons','brothers-a-tale-of-two-sons-2','https://media.rawg.io/media/games/b6b/b6b20bfc4b34e312dbc8aac53c95a348.jpg','rawg','18240','2025-11-28 00:59:38'),(131,'Mafia II','mafia-ii','https://media.rawg.io/media/games/9e5/9e5b274c7e3aa5e30beba31b834b0e7e.jpg','rawg','1416','2025-11-28 00:59:38'),(132,'Brutal Legend','brutal-legend','https://media.rawg.io/media/games/af7/af7a831001c5c32c46e950cc883b8cb7.jpg','rawg','5525','2025-11-28 00:59:38'),(133,'SEGA Mega Drive and Genesis Classics','sega-mega-drive-and-genesis-classics','https://media.rawg.io/media/games/0fd/0fd84d36596a83ef2e5a35f63a072218.jpg','rawg','28179','2025-11-28 00:59:38'),(134,'Watch Dogs','watch-dogs','https://media.rawg.io/media/games/879/879c930f9c6787c920153fa2df452eb3.jpg','rawg','3687','2025-11-28 00:59:38'),(135,'Shadow of the Tomb Raider','shadow-of-the-tomb-raider','https://media.rawg.io/media/games/7f6/7f6cd70ba2ad57053b4847c13569f2d8.jpg','rawg','51329','2025-11-28 00:59:38'),(136,'INSIDE','inside','https://media.rawg.io/media/games/d5a/d5a24f9f71315427fa6e966fdd98dfa6.jpg','rawg','1450','2025-11-28 00:59:38'),(137,'Metro Exodus','metro-exodus','https://media.rawg.io/media/games/152/152e788b7504aa2753c86dae912fb34c.jpg','rawg','28201','2025-11-28 00:59:38'),(138,'Heavy Rain','heavy-rain','https://media.rawg.io/media/games/0af/0af85e8edddfa55368e47c539914a220.jpg','rawg','2743','2025-11-28 00:59:38'),(139,'Psychonauts','psychonauts','https://media.rawg.io/media/games/c89/c89ca70716080733d03724277df2c6c7.jpg','rawg','2361','2025-11-28 00:59:38'),(140,'Sekiro: Shadows Die Twice','shadows-die-twice','https://media.rawg.io/media/games/67f/67f62d1f062a6164f57575e0604ee9f6.jpg','rawg','50734','2025-11-28 00:59:38'),(141,'Brawlhalla','brawlhalla','https://media.rawg.io/media/games/35b/35b47c4d85cd6e08f3e2ca43ea5ce7bb.jpg','rawg','9830','2025-11-28 00:59:38'),(142,'Max Payne 3','max-payne-3','https://media.rawg.io/media/games/5bf/5bf88a28de96321c86561a65ee48e6c2.jpg','rawg','4280','2025-11-28 00:59:38'),(143,'Saints Row IV','saints-row-iv','https://media.rawg.io/media/games/e3d/e3ddc524c6292a435d01d97cc5f42ea7.jpg','rawg','3931','2025-11-28 00:59:38'),(144,'Firewatch','firewatch','https://media.rawg.io/media/games/0be/0bea0a08a4d954337305391b778a7f37.jpg','rawg','2819','2025-11-28 00:59:38'),(145,'Tom Clancy\'s Rainbow Six Siege','tom-clancys-rainbow-six-siege-2','https://media.rawg.io/media/games/b34/b3419c2706f8f8dbe40d08e23642ad06.jpg','rawg','8488','2025-11-28 00:59:38'),(146,'Assassin\'s Creed Odyssey','assassins-creed-odyssey','https://media.rawg.io/media/games/c6b/c6bd26767c1053fef2b10bb852943559.jpg','rawg','58616','2025-11-28 00:59:38'),(147,'No Man\'s Sky','no-mans-sky','https://media.rawg.io/media/games/174/1743b3dd185bda4a7be349347d4064df.jpg','rawg','2093','2025-11-28 00:59:38'),(148,'Alien: Isolation','alien-isolation','https://media.rawg.io/media/games/daa/daaee07fcb40744d90cf8142f94a241f.jpg','rawg','3556','2025-11-28 00:59:38'),(149,'The Darkness II','the-darkness-ii','https://media.rawg.io/media/games/744/744adc36e6573dd67a0cb0e373738d19.jpg','rawg','4223','2025-11-28 00:59:38'),(150,'Assassin\'s Creed II','assassins-creed-ii','https://media.rawg.io/media/games/1be/1bed7fae69d1004c09dfe1101d5a3a94.jpg','rawg','28568','2025-11-28 00:59:38'),(151,'Hitman 2','hitman-2','https://media.rawg.io/media/games/858/858c016de0cf7bc21a57dcc698a04a0c.jpg','rawg','58654','2025-11-28 00:59:38'),(152,'War Thunder','war-thunder','https://media.rawg.io/media/games/d07/d0790809a13027251b6d0f4dc7538c58.jpg','rawg','3678','2025-11-28 00:59:38'),(153,'Cuphead','cuphead','https://media.rawg.io/media/games/226/2262cea0b385db6cf399f4be831603b0.jpg','rawg','28154','2025-11-28 00:59:38'),(154,'Darksiders','darksiders','https://media.rawg.io/media/games/8d4/8d46786ca86b1d95f3dc7e700e2dc4dd.jpg','rawg','4502','2025-11-28 00:59:38'),(155,'Disco Elysium','disco-elysium','https://media.rawg.io/media/games/840/8408ad3811289a6a5830cae60fb0b62a.jpg','rawg','262382','2025-11-28 00:59:38'),(156,'Batman: Arkham Origins','batman-arkham-origins','https://media.rawg.io/media/games/fc3/fc30790a3b3c738d7a271b02c1e26dc2.jpg','rawg','2235','2025-11-28 00:59:38'),(157,'Elden Ring','elden-ring','https://media.rawg.io/media/games/b29/b294fdd866dcdb643e7bab370a552855.jpg','rawg','326243','2025-11-28 00:59:38'),(158,'Titan Quest Anniversary Edition','titan-quest-anniversary-edition','https://media.rawg.io/media/games/33d/33df5a032898b8ab7e3773c7a5f1d336.jpg','rawg','11052','2025-11-28 00:59:38'),(159,'Assassin\'s Creed Origins','assassins-creed-origins','https://media.rawg.io/media/games/336/336c6bd63d83cf8e59937ab8895d1240.jpg','rawg','28153','2025-11-28 00:59:38'),(160,'DOOM Eternal','doom-eternal','https://media.rawg.io/media/games/3ea/3ea3c9bbd940b6cb7f2139e42d3d443f.jpg','rawg','58777','2025-11-28 00:59:38'),(161,'Among Us','among-us','https://media.rawg.io/media/games/e74/e74458058b35e01c1ae3feeb39a3f724.jpg','rawg','356714','2025-11-28 00:59:38'),(162,'Crusader Kings II','crusader-kings-ii','https://media.rawg.io/media/games/c22/c22d804ac753c72f2617b3708a625dec.jpg','rawg','10340','2025-11-28 00:59:38'),(163,'Halo Infinite','halo-infinite','https://media.rawg.io/media/games/e1f/e1ffbeb1bac25b19749ad285ca29e158.jpg','rawg','58751','2025-11-28 00:59:38'),(164,'Transistor','transistor','https://media.rawg.io/media/games/d1f/d1f872a48286b6b751670817d5c1e1be.jpg','rawg','1010','2025-11-28 00:59:39'),(165,'The Wolf Among Us','the-wolf-among-us','https://media.rawg.io/media/games/be0/be084b850302abe81675bc4ffc08a0d0.jpg','rawg','1682','2025-11-28 00:59:39'),(166,'Deus Ex: Human Revolution - Director\'s Cut','deus-ex-human-revolution-directors-cut','https://media.rawg.io/media/games/a12/a12f806432cb385bc286f0935c49cd14.jpg','rawg','3876','2025-11-28 00:59:39'),(167,'Layers of Fear','layers-of-fear','https://media.rawg.io/media/games/6a2/6a2e48933245e2cd3c92248c75c925e1.jpg','rawg','2792','2025-11-28 00:59:39'),(168,'Battlefield 1','battlefield-1','https://media.rawg.io/media/games/998/9980c4296f311d8bcc5b451ca51e4fe1.jpg','rawg','998','2025-11-28 00:59:39'),(169,'GRID 2','grid-2','https://media.rawg.io/media/games/27b/27b02ffaab6b250cc31bf43baca1fc34.jpg','rawg','4003','2025-11-28 00:59:39'),(170,'Far Cry 4','far-cry-4','https://media.rawg.io/media/games/b39/b396dac1f3e0f538841aa0355dd066d3.jpg','rawg','3497','2025-11-28 00:59:39'),(171,'Resident Evil 5','resident-evil-5-biohazard-5','https://media.rawg.io/media/games/974/974342a3959981a17bdbbff2fd7f97b0.jpg','rawg','13461','2025-11-28 00:59:39'),(172,'XCOM 2','xcom-2','https://media.rawg.io/media/games/9bf/9bfac18ff678f41a4674250fa0e04a52.jpg','rawg','1256','2025-11-28 00:59:39'),(173,'Counter-Strike: Condition Zero','counter-strike-condition-zero','https://media.rawg.io/media/games/8bd/8bd24e3c15354a9555bb1437fe555a69.jpg','rawg','18613','2025-11-28 00:59:39'),(174,'Ori and the Blind Forest: Definitive Edition','ori-and-the-blind-forest-definitive-edition','https://media.rawg.io/media/games/04a/04a7e7e185fb51493bdcbe1693a8b3dc.jpg','rawg','17959','2025-11-28 00:59:39'),(175,'The Stanley Parable','the-stanley-parable','https://media.rawg.io/media/screenshots/8f0/8f0b94922ad5e59968852649697b2643.jpg','rawg','15002','2025-11-28 00:59:39'),(176,'Insurgency','insurgency','https://media.rawg.io/media/games/1a1/1a17e9b6286edb7e1f1e510110ccb0c0.jpg','rawg','12024','2025-11-28 00:59:39'),(177,'Call of Duty: Modern Warfare 2','modern-warfare-2','https://media.rawg.io/media/games/9af/9af24c1886e2c7b52a4a2c65aa874638.jpg','rawg','4527','2025-11-28 00:59:39'),(178,'Black Desert Online','black-desert-online','https://media.rawg.io/media/games/651/651ae84f2d5e36206aad90976a453329.jpg','rawg','22571','2025-11-28 00:59:39'),(179,'Saints Row 2','saints-row-2','https://media.rawg.io/media/games/10d/10d19e52e5e8415d16a4d344fe711874.jpg','rawg','4599','2025-11-28 00:59:39'),(180,'Amnesia: A Machine for Pigs','amnesia-a-machine-for-pigs','https://media.rawg.io/media/games/d9f/d9f982e042df6263684ba1fdea3efc1c.jpg','rawg','13268','2025-11-28 00:59:39'),(181,'Total War: SHOGUN 2','total-war-shogun-2','https://media.rawg.io/media/games/be9/be9cf02720c9326e11d0fda14518554f.jpg','rawg','10560','2025-11-28 00:59:39'),(182,'Ori and the Blind Forest','ori-and-the-blind-forest','https://media.rawg.io/media/games/f8c/f8c6a262ead4c16b47e1219310210eb3.jpg','rawg','19590','2025-11-28 00:59:39'),(183,'Sid Meier’s Civilization VI','civilization-vi','https://media.rawg.io/media/games/997/997ab4d67e96fb20a4092383477d4463.jpg','rawg','10297','2025-11-28 00:59:39'),(184,'Trine 2: Complete Story','trine-2-complete-story','https://media.rawg.io/media/screenshots/c97/c97b943741f5fbc936fe054d9d58851d.jpg','rawg','3853','2025-11-28 00:59:39'),(185,'Assassin’s Creed III','assassins-creed-iii-2','https://media.rawg.io/media/games/275/2759da6fcaa8f81f21800926168c85f6.jpg','rawg','13305','2025-11-28 00:59:39'),(186,'Viscera Cleanup Detail: Shadow Warrior','viscera-cleanup-detail-shadow-warrior','https://media.rawg.io/media/screenshots/f2f/f2f3c93d6153da7aee590f3ab8ccd803.jpg','rawg','11435','2025-11-28 00:59:39'),(187,'Kingdom Come: Deliverance','kingdom-come-deliverance','https://media.rawg.io/media/games/d8f/d8f3b28fc747ed6f92943cdd33fb91b5.jpeg','rawg','28172','2025-11-28 00:59:39'),(188,'SOMA','soma','https://media.rawg.io/media/games/149/149bbed9d90dc09328ba79bbacfda3c8.jpg','rawg','3168','2025-11-28 00:59:39'),(189,'This War of Mine','this-war-of-mine','https://media.rawg.io/media/games/283/283e7e600366b0da7021883d27159b27.jpg','rawg','1090','2025-11-28 00:59:39'),(190,'Red Dead Redemption','red-dead-redemption','https://media.rawg.io/media/games/686/686909717c3aa01518bc42ae2bf4259e.jpg','rawg','4544','2025-11-28 00:59:39'),(191,'Watch Dogs 2','watch_dogs-2','https://media.rawg.io/media/games/f52/f52cf6ba08089cd5f1a9c8f7fcc93d1f.jpg','rawg','10061','2025-11-28 00:59:39'),(192,'Thief','thief','https://media.rawg.io/media/games/59a/59a3ebcba3d08c51532c6ca877aff256.jpg','rawg','3766','2025-11-28 00:59:39'),(193,'Call of Juarez: Gunslinger','call-of-juarez-gunslinger','https://media.rawg.io/media/games/a86/a86ce0afaf2d5ec2b0f048989f01795e.jpg','rawg','4013','2025-11-28 00:59:39'),(194,'The Last of Us Part II','the-last-of-us-part-2','https://media.rawg.io/media/games/909/909974d1c7863c2027241e265fe7011f.jpg','rawg','51325','2025-11-28 00:59:39'),(195,'Grand Theft Auto III','grand-theft-auto-iii','https://media.rawg.io/media/games/5fa/5fae5fec3c943179e09da67a4427d68f.jpg','rawg','432','2025-11-28 00:59:39'),(196,'Killing Floor','killing-floor','https://media.rawg.io/media/games/806/8060a7663364ac23e15480728938d6f3.jpg','rawg','17352','2025-11-28 00:59:39'),(197,'Wolfenstein II: The New Colossus','wolfenstein-2-the-new-colossus','https://media.rawg.io/media/games/a0e/a0ef08621301a1eab5e04fa5c96978fa.jpeg','rawg','28202','2025-11-28 00:59:39'),(198,'Shadowrun Returns','shadowrun-returns','https://media.rawg.io/media/games/d4b/d4bcd78873edd9992d93aff9cc8db0c8.jpg','rawg','952','2025-11-28 00:59:39'),(199,'Dead Cells','dead-cells','https://media.rawg.io/media/games/f90/f90ee1a4239247a822771c40488e68c5.jpg','rawg','11726','2025-11-28 00:59:39'),(200,'Call of Duty: Black Ops III','cod-black-ops-iii','https://media.rawg.io/media/games/fd6/fd6a1eecd3ec0f875f1924f3656b7dd9.jpg','rawg','906','2025-11-28 00:59:39'),(201,'Papers, Please','papers-please','https://media.rawg.io/media/games/6d3/6d33014a4ed48a19c30a77ead5a0f62e.jpg','rawg','1358','2025-11-28 00:59:39'),(202,'Divinity: Original Sin 2','divinity-original-sin-2','https://media.rawg.io/media/games/424/424facd40f4eb1f2794fe4b4bb28a277.jpg','rawg','10073','2025-11-28 00:59:39'),(203,'Quake Champions','quake-champions','https://media.rawg.io/media/games/fba/fbae1bcfae1feffda6a11fbc1c939420.jpg','rawg','43877','2025-11-28 00:59:39'),(204,'Magicka','magicka','https://media.rawg.io/media/games/c7a/c7a71a0531a9518236d99d0d60abe447.jpg','rawg','18272','2025-11-28 00:59:40'),(205,'Darksiders Warmastered Edition','darksiders-warmastered-edition','https://media.rawg.io/media/games/1f1/1f1888e1308959dfd3be4c144a81d19c.jpg','rawg','10548','2025-11-28 00:59:40'),(206,'The Last Of Us','the-last-of-us','https://media.rawg.io/media/games/a5a/a5a7fb8d9cb8063a8b42ee002b410db6.jpg','rawg','3990','2025-11-28 00:59:40'),(207,'Lara Croft and the Temple of Osiris','lara-croft-and-the-temple-of-osiris','https://media.rawg.io/media/games/1fb/1fb1c5f7a71d771f440b27ce7f71e7eb.jpg','rawg','3474','2025-11-28 00:59:40'),(208,'Dead Island','dead-island','https://media.rawg.io/media/games/56e/56ed40948bebaf1968234aa6e3c74771.jpg','rawg','28492','2025-11-28 00:59:40'),(209,'Subnautica','subnautica','https://media.rawg.io/media/games/739/73990e3ec9f43a9e8ecafe207fa4f368.jpg','rawg','10419','2025-11-28 00:59:40'),(210,'South Park: The Stick of Truth','south-park-the-stick-of-truth','https://media.rawg.io/media/games/8ca/8ca40b562a755d6a0e30d48e6c74b178.jpg','rawg','3757','2025-11-28 00:59:40'),(211,'Fallout Shelter','fallout-shelter','https://media.rawg.io/media/games/a91/a911f0a91991469e398fa70091507a5b.jpg','rawg','559','2025-11-28 00:59:40'),(212,'A Plague Tale: Innocence','a-plague-tale-innocence','https://media.rawg.io/media/games/b4a/b4adf80c36e267b35acc3497ed2af19c.jpg','rawg','59359','2025-11-28 00:59:40'),(213,'FEZ','fez','https://media.rawg.io/media/games/4cb/4cb855e8ef1578415a928e53c9f51867.png','rawg','3740','2025-11-28 00:59:40'),(214,'Half-Life: Blue Shift','half-life-blue-shift','https://media.rawg.io/media/games/4cb/4cb463b5588adc672124fb041f09e91c.jpg','rawg','19542','2025-11-28 00:59:40'),(215,'Half-Life: Opposing Force','half-life-opposing-force','https://media.rawg.io/media/games/110/1106ebafac87cc573161f1f4f16e84cf.jpeg','rawg','21265','2025-11-28 00:59:40'),(216,'DiRT Rally','dirt-rally','https://media.rawg.io/media/games/78d/78dfae12fb8c5b16cd78648553071e0a.jpg','rawg','2572','2025-11-28 00:59:40'),(217,'Castle Crashers','castle-crashers','https://media.rawg.io/media/games/d1a/d1a1202a378607b6c635c8f18ace95dd.jpg','rawg','4954','2025-11-28 00:59:40'),(218,'Darkest Dungeon','darkest-dungeon','https://media.rawg.io/media/games/fd9/fd92f105dcd6491bc5d61135033d1f19.jpg','rawg','1244','2025-11-28 00:59:40'),(219,'Resident Evil 4 (2005)','resident-evil-4','https://media.rawg.io/media/games/fee/fee0100afd87b52bfbd33e26689fa26c.jpg','rawg','56184','2025-11-28 00:59:40'),(220,'Dying Light: The Following - Enhanced Edition','dying-light-the-following-enhanced-edition','https://media.rawg.io/media/games/c11/c11a0b92b4c28f2e0db489f430142653.jpg','rawg','14348','2025-11-28 00:59:40'),(221,'Assassin\'s Creed Unity','assassins-creed-unity-2','https://media.rawg.io/media/games/59f/59fc1c5de1d29cb9234741c97d250150.jpg','rawg','8146','2025-11-28 00:59:40'),(222,'Star Wars: Knights of the Old Republic','star-wars-knights-of-the-old-republic-2','https://media.rawg.io/media/games/6e0/6e0c19bb111bd4fa20cf0eb72a049519.jpg','rawg','15859','2025-11-28 00:59:40'),(223,'Call of Duty: Black Ops','call-of-duty-black-ops','https://media.rawg.io/media/games/410/41033a495ce8f7fd4b0934bdb975f12a.jpg','rawg','865','2025-11-28 00:59:40'),(224,'Don\'t Starve','dont-starve','https://media.rawg.io/media/games/f3e/f3eec35c6218dcfd93a537751e6bfa61.jpg','rawg','9475','2025-11-28 00:59:40'),(225,'Halo: The Master Chief Collection','halo-the-master-chief-collection','https://media.rawg.io/media/games/c24/c24f4434882ae9c2c8d9d38de82cb7a5.jpg','rawg','857','2025-11-28 00:59:40'),(226,'Chivalry: Medieval Warfare','chivalry-medieval-warfare','https://media.rawg.io/media/games/7f0/7f021d4a3577ac9d591a628a431fc2e5.jpg','rawg','3015','2025-11-28 00:59:40'),(227,'Dragon Age: Origins','dragon-age-origins','https://media.rawg.io/media/games/dc0/dc0926d3f84ffbcc00968fe8a6f0aed3.jpg','rawg','4639','2025-11-28 00:59:40'),(228,'The Binding of Isaac','the-binding-of-isaac','https://media.rawg.io/media/games/cef/cefedf18016cbab466861eb698daf988.jpg','rawg','19384','2025-11-28 00:59:40'),(229,'Syberia','syberia','https://media.rawg.io/media/games/852/8522935d8ab27b610a254b52de0da212.jpg','rawg','3486','2025-11-28 00:59:40'),(230,'DmC: Devil May Cry','dmc','https://media.rawg.io/media/games/295/295eb868c241e6ad32ac033b8e6a2ede.jpg','rawg','18241','2025-11-28 00:59:40'),(231,'Quantum Break','quantum-break','https://media.rawg.io/media/games/a28/a289e23b4d4d84f26ab59125e3be4483.jpg','rawg','6617','2025-11-28 00:59:40'),(232,'Dead Space 2','dead-space-2','https://media.rawg.io/media/games/ae1/ae1518c3dc1e847344661905fd2a8d16.jpg','rawg','4550','2025-11-28 00:59:40'),(233,'The Bureau: XCOM Declassified','the-bureau-xcom-declassified','https://media.rawg.io/media/games/5cc/5cc765484c6df567ed9207c1781b88cb.jpg','rawg','3932','2025-11-28 00:59:40'),(234,'Sleeping Dogs: Definitive Edition','sleeping-dogs-definitive-edition','https://media.rawg.io/media/games/bd7/bd7cfccfececba1ec2b97a120a40373f.jpg','rawg','16112','2025-11-28 00:59:40'),(235,'Batman: Arkham City','batman-arkham-city-2','https://media.rawg.io/media/games/b5a/b5a1226bfd971284a735a4a0969086b3.jpg','rawg','28623','2025-11-28 00:59:40'),(236,'Rayman Legends','rayman-legends','https://media.rawg.io/media/games/85c/85c8ae70e7cdf0105f06ef6bdce63b8b.jpg','rawg','3771','2025-11-28 00:59:40'),(237,'Devil May Cry 5','devil-may-cry-5','https://media.rawg.io/media/games/9fb/9fbf956a16249def7625ab5dc3d09515.jpg','rawg','58755','2025-11-28 00:59:40'),(238,'Fallout 3','fallout-3','https://media.rawg.io/media/games/5a4/5a4e70bb8a862829dbaa398aa5f66afc.jpg','rawg','5562','2025-11-28 00:59:40'),(239,'Yakuza 0','yakuza-0','https://media.rawg.io/media/games/ca1/ca16da30f86d8f4d36261de45fb35430.jpg','rawg','492','2025-11-28 00:59:40'),(240,'Guacamelee! Super Turbo Championship Edition','guacamelee-super-turbo-championship-edition','https://media.rawg.io/media/games/fc8/fc838d98c9b944e6a15176eabf40bee8.jpg','rawg','17875','2025-11-28 00:59:40'),(241,'Beyond: Two Souls','beyond-two-souls','https://media.rawg.io/media/games/07a/07a74470a2618fd71945db0619602baf.jpg','rawg','3028','2025-11-28 00:59:40'),(242,'Days Gone','days-gone','https://media.rawg.io/media/games/a79/a79d2fc90c4dbf07a8580b19600fd61d.jpg','rawg','29338','2025-11-28 00:59:40'),(243,'Mafia III','mafia-iii','https://media.rawg.io/media/games/a34/a348e613424260bc7e034fb6031c762e.jpg','rawg','1169','2025-11-28 00:59:40'),(244,'Wallpaper Engine','wallpaper-engine','https://media.rawg.io/media/screenshots/5a7/5a72aed79451d8fbd6a7b82f784002bd.jpg','rawg','817974','2025-11-28 00:59:41'),(245,'Torchlight II','torchlight-ii','https://media.rawg.io/media/games/c06/c06d88c35785c8003147cb53c84af033.jpg','rawg','17126','2025-11-28 00:59:41'),(246,'SUPERHOT','superhot','https://media.rawg.io/media/screenshots/ad4/ad445a12ee46543d4d117f3893041ebf.jpg','rawg','7819','2025-11-28 00:59:41'),(247,'Battlefield 4','battlefield-4','https://media.rawg.io/media/games/ac7/ac7b8327343da12c971cfc418f390a11.jpg','rawg','3842','2025-11-28 00:59:41'),(248,'The Sims 4','the-sims-4','https://media.rawg.io/media/games/e44/e445335e611b4ccf03af71fffcbd30a4.jpg','rawg','42187','2025-11-28 00:59:41'),(249,'Goat Simulator','goat-simulator','https://media.rawg.io/media/games/a44/a444a7628bdb49b24d06a7672f805814.jpg','rawg','1959','2025-11-28 00:59:41'),(250,'What Remains of Edith Finch','what-remains-of-edith-finch','https://media.rawg.io/media/games/34e/34e100b1f648de99f32d477065f04653.jpg','rawg','42','2025-11-28 00:59:41'),(251,'Uncharted 3: Drake\'s Deception','uncharted-3-drakes-deception','https://media.rawg.io/media/games/589/589fc47c5ae34160d65c4682e21fed66.jpg','rawg','5703','2025-11-28 00:59:41'),(252,'Call of Duty: WWII','call-of-duty-wwii','https://media.rawg.io/media/games/1e5/1e5e33b88be978f451196a751424a72e.jpg','rawg','21924','2025-11-28 00:59:41'),(253,'Homefront','homefront','https://media.rawg.io/media/games/657/657574cd437df9102f511b3be095b0ea.jpg','rawg','19365','2025-11-28 00:59:41'),(254,'Sniper Elite V2','sniper-elite-v2','https://media.rawg.io/media/games/03d/03d17d237f9541b67a13f9425ced4ca4.jpg','rawg','3892','2025-11-28 00:59:41'),(255,'Hotline Miami 2: Wrong Number','hotline-miami-2-wrong-number','https://media.rawg.io/media/games/003/0031c0067559d41df19cf98ad87e02aa.jpg','rawg','3408','2025-11-28 00:59:41'),(256,'Ori and the Will of the Wisps','ori-and-the-will-of-the-wisps','https://media.rawg.io/media/games/718/71891d2484a592d871e91dc826707e1c.jpg','rawg','28199','2025-11-28 00:59:41'),(257,'Resident Evil 2 (1998)','resident-evil-2','https://media.rawg.io/media/games/d64/d646810b629081cc12aec49ed9f49441.jpg','rawg','5159','2025-11-28 00:59:41'),(258,'Grim Fandango Remastered','grim-fandango-remastered','https://media.rawg.io/media/games/df2/df20fd77db56ae7b0a26a7ff4baa9ccc.jpg','rawg','1774','2025-11-28 00:59:41'),(259,'Resident Evil 6','resident-evil-6','https://media.rawg.io/media/games/f6f/f6f39c5b56413f7f4513b25989a1b747.jpg','rawg','2623','2025-11-28 00:59:41'),(260,'The Witness','the-witness','https://media.rawg.io/media/games/00b/00b164224ebaf381104d0b215a37afb3.jpg','rawg','2873','2025-11-28 00:59:41'),(261,'Broforce','broforce','https://media.rawg.io/media/games/9cc/9cc11e2e81403186c7fa9c00c143d6e4.jpg','rawg','2733','2025-11-28 00:59:41'),(262,'FTL: Faster Than Light','ftl-faster-than-light','https://media.rawg.io/media/games/5f4/5f4780690dbf04900cbac5f05b9305f3.jpg','rawg','624','2025-11-28 00:59:41'),(263,'Dragon Age: Inquisition','dragon-age-inquisition','https://media.rawg.io/media/games/260/26023c855f1769a93411d6a7ea084632.jpeg','rawg','28559','2025-11-28 00:59:41'),(264,'Euro Truck Simulator 2','euro-truck-simulator-2','https://media.rawg.io/media/games/1f5/1f5ddf7199f2778ff83663b93b5cb330.jpg','rawg','9609','2025-11-28 00:59:41'),(265,'The Forest','the-forest','https://media.rawg.io/media/games/1be/1be575aa6de86de328433a63fb534d9a.jpg','rawg','9600','2025-11-28 00:59:41'),(266,'Call of Duty: Modern Warfare 3','call-of-duty-modern-warfare-3','https://media.rawg.io/media/games/e9c/e9c042d14515eb3ff7cb4db9fe78e435.jpg','rawg','11276','2025-11-28 00:59:41'),(267,'The Outer Worlds','the-outer-worlds','https://media.rawg.io/media/games/704/704f831d2d132e9614931f1c4eab9e86.jpg','rawg','274762','2025-11-28 00:59:41'),(268,'Kingdom: Classic','kingdom-classic','https://media.rawg.io/media/games/e40/e40cc9d1957b0a0ed7e389834457b524.jpg','rawg','16209','2025-11-28 00:59:41'),(269,'POSTAL 2','postal-2','https://media.rawg.io/media/games/2a2/2a2f9a0035544500e59a171c7038ec3a.jpg','rawg','11686','2025-11-28 00:59:41'),(270,'Forza Horizon 4','forza-horizon-4','https://media.rawg.io/media/games/786/7863e587bac630de82fca50d799236a9.jpg','rawg','58753','2025-11-28 00:59:41'),(271,'The Legend of Zelda: Breath of the Wild','the-legend-of-zelda-breath-of-the-wild','https://media.rawg.io/media/games/cc1/cc196a5ad763955d6532cdba236f730c.jpg','rawg','22511','2025-11-28 00:59:41'),(272,'Surviving Mars','surviving-mars','https://media.rawg.io/media/games/08b/08b2eee52a9876a48b955e5149affe5b.jpg','rawg','23322','2025-11-28 00:59:41'),(273,'The Walking Dead: Season 2','the-walking-dead-season-2','https://media.rawg.io/media/games/471/4712c9ac591f556f553556b864a7e92b.jpg','rawg','15834','2025-11-28 00:59:41'),(274,'Borderlands 3','borderlands-3','https://media.rawg.io/media/games/9f1/9f1891779cb20f44de93cef33b067e50.jpg','rawg','58617','2025-11-28 00:59:41'),(275,'Dark Souls II: Scholar of the First Sin','dark-souls-ii-scholar-of-the-first-sin','https://media.rawg.io/media/games/8fc/8fc59e74133fd8a8a436b7e2d0fb36c2.jpg','rawg','3371','2025-11-28 00:59:41'),(276,'Syberia 2','syberia-2','https://media.rawg.io/media/games/c00/c003705c0eaed100397ae408b7b89e90.jpg','rawg','22781','2025-11-28 00:59:41'),(277,'Sleeping Dogs','sleeping-dogs','https://media.rawg.io/media/games/3d9/3d9bac98d79bcd2d445f829e8d6be902.jpg','rawg','16113','2025-11-28 00:59:41'),(278,'Deus Ex: Human Revolution','deus-ex-human-revolution','https://media.rawg.io/media/games/81e/81e6c6819d4322caf375b6735c3043ec.jpg','rawg','4440','2025-11-28 00:59:41'),(279,'A Story About My Uncle','a-story-about-my-uncle','https://media.rawg.io/media/games/37a/37a9536e92cf8fe3b60045aa75dbd41f.jpg','rawg','16343','2025-11-28 00:59:41'),(280,'Alan Wake\'s American Nightmare','alan-wakes-american-nightmare','https://media.rawg.io/media/games/0b3/0b34647c42271600399b93d19b10f1aa.jpg','rawg','18336','2025-11-28 00:59:41'),(281,'To the Moon','to-the-moon','https://media.rawg.io/media/games/fae/faebf3c8cbf30db3f46bfbecf6ada3d6.jpg','rawg','13194','2025-11-28 00:59:41'),(282,'Bayonetta','bayonetta','https://media.rawg.io/media/games/bee/bee483efadcf9d7e657e52184316a34e.jpg','rawg','4101','2025-11-28 00:59:41'),(283,'SMITE','smite','https://media.rawg.io/media/games/cc7/cc77035eb972f179f5090ee2a0fabd99.jpg','rawg','752','2025-11-28 00:59:41'),(284,'Team Fortress Classic','team-fortress-classic','https://media.rawg.io/media/games/abd/abdb7e589f0a8ccd36c0582673120b1e.jpg','rawg','20406','2025-11-28 00:59:42'),(285,'Borderlands Game of the Year Enhanced','borderlands-game-of-the-year-enhanced','https://media.rawg.io/media/games/df9/df988191048e92cf86dabd2987c47b62.jpg','rawg','306124','2025-11-28 00:59:42'),(286,'Celeste','celeste','https://media.rawg.io/media/games/594/59487800889ebac294c7c2c070d02356.jpg','rawg','22121','2025-11-28 00:59:42'),(287,'Call of Duty: Black Ops II','cod-black-ops-ii','https://media.rawg.io/media/games/8ee/8eed88e297441ef9202b5d1d35d7d86f.jpg','rawg','14446','2025-11-28 00:59:42'),(288,'Frostpunk','frostpunk','https://media.rawg.io/media/games/a88/a886c37bf112d009e318b106db9d420a.jpg','rawg','45821','2025-11-28 00:59:42'),(289,'Tom Clancy’s The Division','tom-clancys-the-division','https://media.rawg.io/media/games/c73/c73c4ffebfe968ba0982a56c2b5020ef.jpg','rawg','2728','2025-11-28 00:59:42'),(290,'Warhammer 40,000: Space Marine','warhammer-40000-space-marine','https://media.rawg.io/media/games/ac2/ac25b5cef220bf5b8d052e0978451cab.jpg','rawg','12756','2025-11-28 00:59:42'),(291,'PAYDAY The Heist','payday-the-heist','https://media.rawg.io/media/games/546/546cf59a24b0ae308e311a07611ca22f.jpg','rawg','4573','2025-11-28 00:59:42'),(292,'Metal Gear Rising: Revengeance','metal-gear-rising-revengeance','https://media.rawg.io/media/games/8e6/8e699e91cf77c2060b6d515e2135b1b1.jpg','rawg','4094','2025-11-28 00:59:42'),(293,'Black Mesa','black-mesa','https://media.rawg.io/media/games/009/009e4e84975d6a60173ec1199db25aa3.jpg','rawg','15426','2025-11-28 00:59:42'),(294,'Ratchet & Clank','ratchet-clank','https://media.rawg.io/media/games/d30/d30ef0c7dd4878161b1f781e297ae6a0.jpg','rawg','2553','2025-11-28 00:59:42'),(295,'Age of Wonders III','age-of-wonders-iii','https://media.rawg.io/media/games/f95/f95ec06eddda5c5bf206618c49cd3e68.jpg','rawg','14512','2025-11-28 00:59:42'),(296,'Batman: Arkham Asylum','batman-arkham-asylum','https://media.rawg.io/media/games/d56/d564ee964eb3c17892b3b35dd607f836.jpg','rawg','4123','2025-11-28 00:59:42'),(297,'inFAMOUS Second Son','infamous-second-son','https://media.rawg.io/media/games/be2/be239d5eb4d0bf02bf722aff51e694ad.jpg','rawg','3631','2025-11-28 00:59:42'),(298,'Assassin\'s Creed Syndicate','assassins-creed-syndicate-2','https://media.rawg.io/media/games/9f1/9f189c639f70f91166df415811a8b525.jpg','rawg','42895','2025-11-28 00:59:42'),(299,'Dead by Daylight','dead-by-daylight','https://media.rawg.io/media/games/e11/e11325e2f89151d31f612e38dee3b6a0.jpg','rawg','9966','2025-11-28 00:59:42'),(300,'Half-Life: Source','half-life-source','https://media.rawg.io/media/games/d54/d54f0267a042f44c032d8ca264584ecf.jpg','rawg','18614','2025-11-28 00:59:42'),(301,'Mafia: The City of Lost Heaven','mafia-the-city-of-lost-heaven','https://media.rawg.io/media/games/74c/74ca0ec569682a150f3c6f9f661fb6a5.jpg','rawg','30899','2025-11-28 00:59:42'),(302,'Ghost of Tsushima','ghost-of-tsushima','https://media.rawg.io/media/games/f24/f2493ea338fe7bd3c7d73750a85a0959.jpeg','rawg','58550','2025-11-28 00:59:42'),(303,'LEGO The Lord of the Rings','lego-lord-of-the-rings','https://media.rawg.io/media/games/89a/89a700d3c6a76bd0610ca89ccd20da54.jpg','rawg','2597','2025-11-28 00:59:42'),(304,'Overcooked','overcooked','https://media.rawg.io/media/games/270/270b412b66688081497b3d70c100b208.jpg','rawg','2115','2025-11-28 00:59:42'),(305,'Rust','rust','https://media.rawg.io/media/games/447/4470c1e76f01acfaf5af9c207d1c1c92.jpg','rawg','9671','2025-11-28 00:59:42'),(306,'S.T.A.L.K.E.R.: Shadow of Chernobyl','stalker-shadow-of-chernobyl','https://media.rawg.io/media/games/348/348640e78a7fcd4bb7dcad4fea014eeb.jpg','rawg','17857','2025-11-28 00:59:42'),(307,'STAR WARS Battlefront II','star-wars-battlefront-2','https://media.rawg.io/media/games/f54/f54e9fb2f4aac37810ea1a69a3e4480a.jpg','rawg','28152','2025-11-28 00:59:42'),(308,'Deus Ex: Game of the Year Edition','deus-ex-game-of-the-year-edition','https://media.rawg.io/media/screenshots/67e/67e5be6ad7a555248f50bd367e9a071c.jpg','rawg','13913','2025-11-28 00:59:42'),(309,'Human: Fall Flat','human-fall-flat','https://media.rawg.io/media/games/74d/74dafeb9a442b87b9dd4a1d4a2faa37b.jpg','rawg','13247','2025-11-28 00:59:42'),(310,'A Way Out','a-way-out-2018','https://media.rawg.io/media/games/473/473bd9a5e9522629d6cb28b701fb836a.jpg','rawg','50778','2025-11-28 00:59:42'),(311,'Doki Doki Literature Club!','doki-doki-literature-club','https://media.rawg.io/media/games/972/972aea3c9eb253e893947bec2d2cfbb9.jpg','rawg','46956','2025-11-28 00:59:42'),(312,'Until Dawn','until-dawn','https://media.rawg.io/media/games/d64/d6443375f9971152866ea76bff97d6d6.jpg','rawg','3209','2025-11-28 00:59:42'),(313,'Hitman: Blood Money','hitman-blood-money','https://media.rawg.io/media/games/233/233cdc08cce0228f6f35222eca3bff92.jpg','rawg','19569','2025-11-28 00:59:42'),(314,'Dark Souls: Prepare To Die Edition','dark-souls-prepare-to-die-edition','https://media.rawg.io/media/games/511/5116b4524cea34c6b3f12e0ca027d850.jpg','rawg','14962','2025-11-28 00:59:42'),(315,'FINAL FANTASY XV','final-fantasy-xv','https://media.rawg.io/media/games/2ee/2eeed8524931b4fae1e4a40d0e5443b5.jpg','rawg','750','2025-11-28 00:59:42'),(316,'Company of Heroes','company-of-heroes','https://media.rawg.io/media/games/0fa/0fadc446fd1e9ae9e23a32793d9a5406.jpg','rawg','18183','2025-11-28 00:59:42'),(317,'The Long Dark','the-long-dark','https://media.rawg.io/media/games/fd2/fd20a68d7ef195855588c937865dd0a7.jpg','rawg','11312','2025-11-28 00:59:42'),(318,'Max Payne','max-payne','https://media.rawg.io/media/games/2f5/2f5eb72fe45540e93ac2726877551a20.jpg','rawg','2518','2025-11-28 00:59:42'),(319,'Oddworld: Abe\'s Oddysee','oddworld-abes-oddysee','https://media.rawg.io/media/games/2ae/2aedae90b1377a0f3e5ce54d24f8e41a.jpg','rawg','5193','2025-11-28 00:59:42'),(320,'Tropico 4','tropico-4','https://media.rawg.io/media/games/d1e/d1e70ce3762efcfc170c6bd067d7e9e3.jpg','rawg','14016','2025-11-28 00:59:42'),(321,'Counter-Strike: Condition Zero Deleted Scenes','counter-strike-condition-zero-deleted-scenes','https://media.rawg.io/media/screenshots/9fd/9fd128fef547eb630182a1995b1edeb5.jpg','rawg','670682','2025-11-28 00:59:42'),(322,'The Binding of Isaac: Rebirth','the-binding-of-isaac-rebirth','https://media.rawg.io/media/games/926/926928beb8a9f9b31cf202965aa4cbbc.jpg','rawg','250','2025-11-28 00:59:42'),(323,'Titan Souls','titan-souls','https://media.rawg.io/media/screenshots/2fc/2fc6994425146f9dba3133400b414e29.jpg','rawg','3368','2025-11-28 00:59:42'),(324,'Mortal Kombat 11','mortal-kombat-11','https://media.rawg.io/media/games/eb5/eb514db62d397c64288160d5bd8fd67a.jpg','rawg','274480','2025-11-28 00:59:44'),(325,'Divinity: Original Sin - Enhanced Edition','divinity-original-sin-enhanced-edition','https://media.rawg.io/media/games/33b/33b825c76382931df0fd8ecddf5caebe.jpg','rawg','16359','2025-11-28 00:59:44'),(326,'Wolfenstein: The Old Blood','wolfenstein-the-old-blood','https://media.rawg.io/media/games/f14/f1422eacab98c5f85a5123da4e9d9e89.jpg','rawg','3346','2025-11-28 00:59:44'),(327,'Ryse: Son of Rome','ryse-son-of-rome','https://media.rawg.io/media/games/736/736c0eaec96d848d7824b33298a182f2.jpg','rawg','17803','2025-11-28 00:59:44'),(328,'Darksiders II Deathinitive Edition','darksiders-ii-deathinitive-edition','https://media.rawg.io/media/games/cfe/cfe5960b5caca432f3575fc7d8ff736b.jpg','rawg','10449','2025-11-28 00:59:44'),(329,'Hacknet','hacknet','https://media.rawg.io/media/games/23b/23b69bfef2a1ce2e3dcdf1aa8ef1150b.jpg','rawg','9653','2025-11-28 00:59:44'),(330,'Dark Souls: Remastered','dark-souls8482-remastered','https://media.rawg.io/media/games/29c/29c6c21cc0c78cff6f45d23631cc82f4.jpg','rawg','51610','2025-11-28 00:59:44'),(331,'Star Wars: Knights of the Old Republic II – The Sith Lords','kotor-ii','https://media.rawg.io/media/games/046/0464f4a36cd975a37c95b93b06058855.jpg','rawg','15858','2025-11-28 00:59:44'),(332,'Stray','stray-2','https://media.rawg.io/media/games/cd3/cd3c9c7d3e95cb1608fd6250f1b90b7a.jpg','rawg','452638','2025-11-28 00:59:44'),(333,'Guns of Icarus Online','guns-of-icarus-online','https://media.rawg.io/media/games/179/179245a3693049a11a25b900ab18f8f7.jpg','rawg','9793','2025-11-28 00:59:44'),(334,'Dear Esther: Landmark Edition','dear-esther-landmark-edition','https://media.rawg.io/media/screenshots/b20/b20a20205954f9765e82298dbd41e48a.jpg','rawg','13628','2025-11-28 00:59:44'),(335,'The Evil Within','the-evil-within','https://media.rawg.io/media/games/157/1570121f5c4d240504f1eae5c3854733.jpg','rawg','3554','2025-11-28 00:59:44'),(336,'Prison Architect','prison-architect-all-day-and-a-psych','https://media.rawg.io/media/games/6bc/6bc79f5bc023b1e6938f6eaf9926f073.jpg','rawg','12320','2025-11-28 00:59:44'),(337,'Fallout 2','fallout-2-a-post-nuclear-role-playing-game','https://media.rawg.io/media/games/218/218167ff4011acc825c844d0070940a0.jpg','rawg','19299','2025-11-28 00:59:44'),(338,'Beholder','beholder','https://media.rawg.io/media/games/40a/40ab95c1639aa1d7ec04d4cd523af6b1.jpg','rawg','10090','2025-11-28 00:59:44'),(339,'Sea of Thieves','sea-of-thieves','https://media.rawg.io/media/games/5f6/5f61441e6338e9221f96a8f4c64c7bb8.jpg','rawg','50781','2025-11-28 00:59:44'),(340,'Sid Meier\'s Civilization III Complete','sid-meiers-civilization-iii-complete','https://media.rawg.io/media/games/054/0549f1a0a5e782d4e81cdf8d022073fa.jpg','rawg','17380','2025-11-28 00:59:44'),(341,'Minion Masters','minion-masters','https://media.rawg.io/media/games/e4a/e4ab7f784bdc38c76ce6e4cef9715d18.jpg','rawg','10092','2025-11-28 00:59:44'),(342,'Fallout 3: Game of the Year Edition','fallout-3-game-of-the-year-edition','https://media.rawg.io/media/games/e53/e5372e767149bc88106e1da0ae7e9104.jpg','rawg','19451','2025-11-28 00:59:44'),(343,'Jotun: Valhalla Edition','jotun','https://media.rawg.io/media/games/032/0329db96e252aa41e672da2ba16f914c.jpg','rawg','15274','2025-11-28 00:59:44'),(344,'It Takes Two','it-takes-two-2','https://media.rawg.io/media/games/d47/d479582ed0a46496ad34f65c7099d7e5.jpg','rawg','455597','2025-11-28 00:59:44'),(345,'Murdered: Soul Suspect','murdered-soul-suspect','https://media.rawg.io/media/games/54a/54a3e4c617217848dc43c4de9989fe37.jpg','rawg','3427','2025-11-28 00:59:44'),(346,'Assassin\'s Creed','assassins-creed','https://media.rawg.io/media/games/0bc/0bcc108295a244b488d5c25f7d867220.jpg','rawg','4729','2025-11-28 00:59:44'),(347,'Starbound','starbound','https://media.rawg.io/media/games/6d9/6d92d50affeebf2eb3894d178eb1117e.jpg','rawg','12569','2025-11-28 00:59:44'),(348,'LEGO The Hobbit','lego-the-hobbit','https://media.rawg.io/media/games/e4f/e4fb3fd188f61fabec48dca22e6ef28a.jpg','rawg','3729','2025-11-28 00:59:44'),(349,'Braid','braid','https://media.rawg.io/media/games/a5a/a5abaa1b5cc1567b026fa3aa9fbd828e.jpg','rawg','5161','2025-11-28 00:59:44'),(350,'Sanctum 2','sanctum-2','https://media.rawg.io/media/games/963/963815b2a1a88475a31f311b591e70fb.jpg','rawg','3912','2025-11-28 00:59:44'),(351,'Serious Sam Fusion 2017 (beta)','serious-sam-fusion-2017-beta','https://media.rawg.io/media/games/21b/21babfc41e2a6972290833d1b860f13e.jpg','rawg','10001','2025-11-28 00:59:44'),(352,'Killing Floor 2','killing-floor-2','https://media.rawg.io/media/games/192/1921ec949024a5fbd1e1c7008f54b5af.jpg','rawg','829','2025-11-28 00:59:44'),(353,'Resident Evil','resident-evil','https://media.rawg.io/media/games/510/51039d0ec5dc8c3e08ae4374dfceecec.jpg','rawg','3449','2025-11-28 00:59:44'),(354,'Resident Evil 2','resident-evil-2-2019','https://media.rawg.io/media/games/053/053fc543bf488349610f1ae2d0c1b51b.jpg','rawg','58813','2025-11-28 00:59:44'),(355,'F.E.A.R.','fear','https://media.rawg.io/media/games/89a/89a8378d49732505cdb28babe505df9e.jpg','rawg','19452','2025-11-28 00:59:44'),(356,'Red Orchestra 2: Heroes of Stalingrad with Rising Storm','red-orchestra-2-heroes-of-stalingrad-with-rising-s','https://media.rawg.io/media/games/bff/bff077fb7c3b037bd5ed920bf447c863.jpg','rawg','14062','2025-11-28 00:59:44'),(357,'GRID (2008)','grid','https://media.rawg.io/media/games/fc0/fc076b974197660a582abd34ebccc27f.jpg','rawg','5578','2025-11-28 00:59:44'),(358,'Neverwinter','neverwinter','https://media.rawg.io/media/games/26b/26b27e1da9e3727fcb12e3e4e86c8c19.jpg','rawg','678','2025-11-28 00:59:44'),(359,'Trine Enchanted Edition','trine-enchanted-edition','https://media.rawg.io/media/games/e0f/e0f05a97ff926acf4c8f43e0849b6832.jpg','rawg','14690','2025-11-28 00:59:44'),(360,'Assassin’s Creed Brotherhood','assassins-creed-brotherhood-2','https://media.rawg.io/media/games/116/116b93c6876a361a96b2eee3ee58ab13.jpg','rawg','10064','2025-11-28 00:59:44'),(361,'Enter the Gungeon','enter-the-gungeon','https://media.rawg.io/media/games/3be/3be0e624424d3453005019799a760af2.jpg','rawg','2574','2025-11-28 00:59:44'),(362,'Resident Evil Revelations 2','re-revelations-2','https://media.rawg.io/media/games/ea3/ea3228b5c6c749019a9ed42e90a4e7c6.jpg','rawg','17174','2025-11-28 00:59:44'),(363,'Far Cry 3: Blood Dragon','far-cry-3-blood-dragon-2','https://media.rawg.io/media/games/5e4/5e4bff02098b2b6f824c68286d5da1a6.jpg','rawg','19375','2025-11-28 00:59:44'),(364,'The Elder Scrolls Online: Tamriel Unlimited','the-elder-scrolls-online-tamriel-unlimited','https://media.rawg.io/media/games/596/596a48ef3b62b63b4cc59633e28be903.jpg','rawg','3300','2025-11-28 00:59:45'),(365,'Endless Space - Collection','endless-space-emperor-edition','https://media.rawg.io/media/screenshots/bf7/bf71c819eace914e6c42ae3ecb667308.jpg','rawg','14317','2025-11-28 00:59:45'),(366,'Lords of the Fallen (2014)','lords-of-the-fallen','https://media.rawg.io/media/games/d09/d096ad37b7f522e11c02848252213a9a.jpg','rawg','2047','2025-11-28 00:59:45'),(367,'Fortnite Battle Royale','fornite-battle-royale','https://media.rawg.io/media/games/dcb/dcbb67f371a9a28ea38ffd73ee0f53f3.jpg','rawg','47137','2025-11-28 00:59:45'),(368,'Serious Sam 3: BFE','serious-sam-3-bfe','https://media.rawg.io/media/games/12e/12ea6b35b65df38258e25885a0a392a6.jpg','rawg','3697','2025-11-28 00:59:45'),(369,'Darksiders II','darksiders-ii','https://media.rawg.io/media/games/848/8482235332f4518da363c3cb4e5cd075.jpg','rawg','4179','2025-11-28 00:59:45'),(370,'Jet Set Radio','jet-set-radio-2012','https://media.rawg.io/media/games/fd7/fd794a9f0ffe816038d981b3acc3eec9.jpg','rawg','53341','2025-11-28 00:59:45'),(371,'Mark of the Ninja','mark-of-the-ninja','https://media.rawg.io/media/games/b17/b17485d757ca36b5f1ad376b6b096885.jpg','rawg','11974','2025-11-28 00:59:45'),(372,'BattleBlock Theater','battleblock-theater','https://media.rawg.io/media/games/388/388935d851846f8ec747fffc7c765800.jpg','rawg','12019','2025-11-28 00:59:45'),(373,'Resident Evil 3','resident-evil-3','https://media.rawg.io/media/games/a4b/a4bb55f42fe837ae7bf1307e7b41cc85.jpg','rawg','397477','2025-11-28 00:59:45'),(374,'Game of Thrones - A Telltale Games Series','game-of-thrones-a-telltale-games-series','https://media.rawg.io/media/games/c81/c812e158129e00c9b0f096ae8a0bb7d6.jpg','rawg','2166','2025-11-28 00:59:45'),(375,'Drawful 2','drawful-2','https://media.rawg.io/media/games/eeb/eeb9e668da5fd07bab9f655acfbbe579.jpg','rawg','2300','2025-11-28 00:59:45'),(376,'Mafia: Definitive Edition','mafia','https://media.rawg.io/media/games/345/3452d9d4483686c602372e0e6b3bb4cc.jpg','rawg','442854','2025-11-28 00:59:45'),(377,'Mafia II: Definitive Edition','mafia-ii-definitive-edition','https://media.rawg.io/media/games/d73/d7364906c530ccc2d89b0b5d8695e03c.jpg','rawg','442855','2025-11-28 00:59:45'),(378,'Orwell: Keeping an Eye On You','orwell','https://media.rawg.io/media/games/2e1/2e187b31e5cee21c110bd16798d75fab.jpg','rawg','295021','2025-11-28 00:59:45'),(379,'Slay the Spire','slay-the-spire','https://media.rawg.io/media/games/f52/f5206d55f918edf8ee07803101106fa6.jpg','rawg','28121','2025-11-28 00:59:45'),(380,'Final Fantasy VII','final-fantasy-vii-remake','https://media.rawg.io/media/games/d89/d89bd0cf4fcdc10820892980cbba0f49.jpg','rawg','259801','2025-11-28 00:59:45'),(381,'Deep Rock Galactic','deep-rock-galactic','https://media.rawg.io/media/games/c92/c9207a31f0eeb9904a840fc26eae6afb.jpg','rawg','9551','2025-11-28 00:59:45'),(382,'Dragon\'s Dogma: Dark Arisen','dragons-dogma-dark-arisen','https://media.rawg.io/media/games/639/639ce7d7fecbb9f0717e9fbc1180f8f8.jpg','rawg','4032','2025-11-28 00:59:45'),(383,'Remember Me','remember-me','https://media.rawg.io/media/games/569/569ea25d2b56bd05c7fa309ddabe81ff.jpg','rawg','4000','2025-11-28 00:59:45'),(384,'Far Cry 2','far-cry-2-fortunes-edition','https://media.rawg.io/media/games/89e/89e913f4ba5260cfb8b775667f81c23a.jpg','rawg','19600','2025-11-28 00:59:45'),(385,'Stellaris','stellaris','https://media.rawg.io/media/games/92b/92bbf8a451e2742ab812a580546e593a.jpg','rawg','10040','2025-11-28 00:59:45'),(386,'Oxenfree','oxenfree','https://media.rawg.io/media/games/7ba/7baf4663962bad7197e2470d59a6e322.jpg','rawg','295','2025-11-28 00:59:45'),(387,'Vampire Survivors','vampire-survivors','https://media.rawg.io/media/games/501/501e7019925a3c692bf1c8062f07abe6.jpg','rawg','685577','2025-11-28 00:59:45'),(388,'ABZU','abzu-2','https://media.rawg.io/media/games/ba9/ba9ad92b6d04825bd15a407c6059db94.jpg','rawg','7381','2025-11-28 00:59:45'),(389,'Tales from the Borderlands: A Telltale Game Series','tales-from-the-borderlands','https://media.rawg.io/media/games/264/2642b17a7885f7abc4fd018e98943242.jpg','rawg','2100','2025-11-28 00:59:45'),(390,'Broken Age','broken-age','https://media.rawg.io/media/games/3ef/3eff92562640e452d3487c04ba6d7fae.jpg','rawg','3350','2025-11-28 00:59:45'),(391,'The Playroom','the-playroom','https://media.rawg.io/media/games/363/36306deef81e7955a5d0f5c3b43fccee.jpg','rawg','5687','2025-11-28 00:59:45'),(392,'Child of Light','child-of-light','https://media.rawg.io/media/games/c47/c4796c4c49e7e06ad328e07aa8944cdd.jpg','rawg','3647','2025-11-28 00:59:45'),(393,'VRChat','vrchat','https://media.rawg.io/media/games/11f/11fd681c312c14644ab360888dba3486.jpg','rawg','9575','2025-11-28 00:59:45'),(394,'F.E.A.R. 3','fear-3','https://media.rawg.io/media/games/1da/1da9a7af524e81d257f972fbc06baefd.jpg','rawg','5565','2025-11-28 00:59:45'),(395,'PlanetSide 2','planetside-2','https://media.rawg.io/media/games/2fd/2fd1b58116b10cc1f4442bee5593ca7c.jpg','rawg','3290','2025-11-28 00:59:45'),(396,'F.E.A.R. 2: Project Origin','fear-2-project-origin','https://media.rawg.io/media/games/d1d/d1dd46e2ef7f8a1ee946d3ab779c3754.jpg','rawg','5564','2025-11-28 00:59:45'),(397,'Destiny','destiny','https://media.rawg.io/media/games/062/062420d85c7143f72ad3557f32c41ead.jpg','rawg','894','2025-11-28 00:59:45'),(398,'Gwent: The Witcher Card Game','gwent-the-witcher-card-game','https://media.rawg.io/media/games/742/7424c1f7d0a8da9ae29cd866f985698b.jpg','rawg','23557','2025-11-28 00:59:45'),(399,'Sonic Mania','sonic-mania','https://media.rawg.io/media/games/bbf/bbf8d74ab64440ad76294cff2f4d9cfa.jpg','rawg','23587','2025-11-28 00:59:45'),(400,'Monaco: What\'s Yours Is Mine','monaco-whats-yours-is-mine','https://media.rawg.io/media/screenshots/4f4/4f4722571e32954af43a4508607c1748.jpg','rawg','17037','2025-11-28 00:59:45'),(401,'Resident Evil: Village','resident-evil-village','https://media.rawg.io/media/games/6cc/6cc23249972a427f697a3d10eb57a820.jpg','rawg','452649','2025-11-28 00:59:45'),(402,'Lara Croft and the Guardian of Light','lara-croft-gol','https://media.rawg.io/media/games/a92/a92272ea5cfc35b8ad6317fbd81ce0f6.jpg','rawg','4882','2025-11-28 00:59:45'),(403,'The Elder Scrolls III: Morrowind','morrowind','https://media.rawg.io/media/games/ccf/ccf26f6e3d553a04f0033a8107a521b8.jpg','rawg','13820','2025-11-28 00:59:45'),(404,'The Flame in the Flood','the-flame-in-the-flood','https://media.rawg.io/media/games/87a/87a29bcc56b6b6082ead1dd5e2510aaa.jpg','rawg','6879','2025-11-28 02:53:55'),(405,'Dying Light','dying-light','https://media.rawg.io/media/games/4a5/4a5ce21f529cf8fd4670b4c3188b25df.jpg','rawg','42215','2025-11-28 02:53:56'),(406,'The Talos Principle','the-talos-principle','https://media.rawg.io/media/games/948/948fe7f00b6cba8472f5ecd07a455077.jpg','rawg','12929','2025-11-28 02:53:56'),(407,'STAR WARS Battlefront','star-wars-battlefront','https://media.rawg.io/media/games/bd2/bd2cc7714e0b9b1adad1ba1b2400d436.jpg','rawg','3052','2025-11-28 02:53:56'),(408,'Gris','gris','https://media.rawg.io/media/games/51c/51c430f1795c79b78f863a9f22dc422d.jpg','rawg','59313','2025-11-28 02:53:56'),(409,'Battlefield 3','battlefield-3','https://media.rawg.io/media/games/8bd/8bda6d876f3e241c6024022299553efd.jpg','rawg','4397','2025-11-28 02:53:56'),(410,'Vampyr','vampyr','https://media.rawg.io/media/games/23b/23b42b7a896140f4ce1d0df8c42fa012.jpg','rawg','28110','2025-11-28 02:53:56'),(411,'Divinity: Original Sin','divinity-original-sin','https://media.rawg.io/media/games/963/9639183ff27251b0b686acaa6aac0297.jpg','rawg','41490','2025-11-28 02:53:56'),(412,'Battlefield V','battlefield-v','https://media.rawg.io/media/games/45b/45b57ed59de4b84effd8f6bc4b7bf515.jpg','rawg','58494','2025-11-28 02:53:56'),(413,'Spelunky','spelunky','https://media.rawg.io/media/games/fad/fadc4be043ed07904012d47cd02671e4.jpg','rawg','3561','2025-11-28 02:53:56'),(414,'Tomb Raider: Underworld','tomb-raider-underworld','https://media.rawg.io/media/games/341/3413d7275fb1e919f00a925df8288b77.jpg','rawg','4869','2025-11-28 02:53:56'),(415,'Valheim','valheim','https://media.rawg.io/media/games/adb/adb59be81367b19c2544457424bcf086.jpg','rawg','248521','2025-11-28 02:53:56'),(416,'Heroes & Generals','heroes-generals','https://media.rawg.io/media/games/98c/98cd77a9f61b31a6ddab1670b079c841.jpg','rawg','10428','2025-11-28 02:53:56'),(417,'Uncharted: Legacy of Thieves Collection','uncharted-legacy-of-thieves-collection','https://media.rawg.io/media/games/de6/de66bc4c72b45c3bb906c85d0628112d.jpg','rawg','704634','2025-11-28 02:53:56'),(418,'Killer is Dead - Nightmare Edition','killer-is-dead-nightmare-edition','https://media.rawg.io/media/games/a72/a72e405a19f93dc68cbc06d7a39b2a4a.jpg','rawg','16199','2025-11-28 02:53:56'),(419,'Rogue Legacy','rogue-legacy','https://media.rawg.io/media/games/598/59851e152a6898c8bf79069b5bf2f4db.jpg','rawg','3635','2025-11-28 02:53:56'),(420,'Overlord','overlord','https://media.rawg.io/media/games/d1c/d1cd8a226cb224357c1f59605577cbf2.jpg','rawg','17885','2025-11-28 02:53:56'),(421,'Outer Wilds','outer-wilds','https://media.rawg.io/media/games/9f4/9f418898f5415668ca47b5f4ab1ecfeb.jpg','rawg','58764','2025-11-28 02:53:56'),(422,'Deponia','deponia','https://media.rawg.io/media/games/c2e/c2e6ad5c838d551aeff376f1f3d9d65e.jpg','rawg','719','2025-11-28 02:53:56'),(423,'Assassin\'s Creed Revelations','assassins-creed-revelations','https://media.rawg.io/media/games/193/19390fa5e75e9048b22c9a736cf9992f.jpg','rawg','4358','2025-11-28 02:53:56'),(424,'Crysis 2 - Maximum Edition','crysis-2-maximum-edition','https://media.rawg.io/media/games/1ed/1edaaa9e24e0072772244633d01642f4.jpg','rawg','19647','2025-11-28 02:53:56'),(425,'Star Wars: Battlefront II (2005)','star-wars-battlefront-ii-2','https://media.rawg.io/media/games/662/6625a20ca1d13699ee7c191b20a02408.jpg','rawg','13886','2025-11-28 02:53:56'),(426,'Gothic Playable Teaser','gothic-playable-teaser','https://media.rawg.io/media/games/64e/64e4fc48c5d977188e8c47287f2a2cef.jpg','rawg','398423','2025-11-28 02:53:56'),(427,'Crash Bandicoot N. Sane Trilogy','crash-bandicoot-n-sane-trilogy','https://media.rawg.io/media/games/444/4440f674e2bcb257e249a9ab595d8ab6.jpg','rawg','34','2025-11-28 02:53:56'),(428,'Max Payne 2: The Fall of Max Payne','max-payne-2-the-fall-of-max-payne','https://media.rawg.io/media/games/6fd/6fd971ffa72faa1758960d25ef6196bc.jpg','rawg','29153','2025-11-28 02:53:56'),(429,'Burnout Paradise: The Ultimate Box','burnout-paradise-the-ultimate-box','https://media.rawg.io/media/games/7cf/7cf38d2d80267c121c6d0d361e9429ce.jpg','rawg','19491','2025-11-28 02:53:56'),(430,'Tabletop Simulator','tabletop-simulator','https://media.rawg.io/media/games/f86/f869253c68b38fa789f58cc5be2cb996.jpg','rawg','10293','2025-11-28 02:53:56'),(431,'Dust: An Elysian Tail','dust-an-elysian-tail','https://media.rawg.io/media/games/c40/c40f9f0a3d1b4601a7a44d230c95f126.jpg','rawg','892','2025-11-28 02:53:56'),(432,'DiRT Showdown','dirt-showdown','https://media.rawg.io/media/games/23d/23d78acedbb5f40c9fb64e73af5af65d.jpg','rawg','4347','2025-11-28 02:53:56'),(433,'Day of Defeat: Source','day-of-defeat-source','https://media.rawg.io/media/games/bff/bff7d82316cddea9541261a045ba008a.jpg','rawg','11279','2025-11-28 02:53:56'),(434,'Sniper Elite 4','sniper-elite-4','https://media.rawg.io/media/games/2fe/2feec1ba840f467a2280061b9e665c6e.jpg','rawg','382','2025-11-28 02:53:56'),(435,'Persona 5','persona-5','https://media.rawg.io/media/games/3ea/3ea0e57ede873970c0f1130e30d88749.jpg','rawg','49','2025-11-28 02:53:56'),(436,'Medal of Honor','medal-of-honor','https://media.rawg.io/media/games/106/1069e754e7e6012b0cf42b4b04704792.jpg','rawg','5342','2025-11-28 02:53:56'),(437,'Life is Strange 2','life-is-strange-2','https://media.rawg.io/media/games/883/883bc3050f9a4115d1968ece56bddfc2.jpg','rawg','58952','2025-11-28 02:53:56'),(438,'Machinarium','machinarium','https://media.rawg.io/media/games/8cd/8cd179c85bd3de8f79bef245b15075fb.jpg','rawg','1259','2025-11-28 02:53:56'),(439,'Valiant Hearts: The Great War','valiant-hearts-the-great-war','https://media.rawg.io/media/games/39a/39a8aa7798b685f9625e857bc394259d.jpg','rawg','1758','2025-11-28 02:53:56'),(440,'The LEGO NINJAGO Movie Video Game','the-lego-ninjago-movie-video-game','https://media.rawg.io/media/games/f60/f607e3212c540e3d25c2418c2edb6306.jpg','rawg','45970','2025-11-28 02:53:56'),(441,'Red Faction: Guerrilla','red-faction-guerrilla','https://media.rawg.io/media/games/94a/94a59c5136a9b90eef5f23fea7bf997c.jpg','rawg','15566','2025-11-28 02:53:56'),(442,'Yakuza Kiwami','yakuza-kiwami','https://media.rawg.io/media/games/fbb/fbbd9fe21317bde9134114e2b1306069.jpg','rawg','44525','2025-11-28 02:53:56'),(443,'Pillars of Eternity','pillars-of-eternity','https://media.rawg.io/media/games/789/7896837ec22a83e4007018ddd55e8c9a.jpg','rawg','15829','2025-11-28 02:53:56'),(444,'Crysis','crysis','https://media.rawg.io/media/games/90f/90fd5e569bc4c4a666c588a732124908.jpg','rawg','4581','2025-11-28 02:53:57'),(445,'S.T.A.L.K.E.R.: Call of Pripyat','stalker-call-of-pripyat','https://media.rawg.io/media/games/5ad/5adab016a307c2902a82b60d487fe287.jpg','rawg','19056','2025-11-28 02:53:57'),(446,'The Swapper','the-swapper','https://media.rawg.io/media/games/6fc/6fcb1c529c764700d55f3bbc1b0fbb5b.jpg','rawg','1789','2025-11-28 02:53:57'),(447,'Forza Horizon 5','forza-horizon-5','https://media.rawg.io/media/games/082/082365507ff04d456c700157072d35db.jpg','rawg','622492','2025-11-28 02:53:57'),(448,'S.T.A.L.K.E.R.: Clear Sky','stalker-clear-sky','https://media.rawg.io/media/games/68e/68e34eb2122fe9e23f634e0b5f5ea6ae.jpg','rawg','19057','2025-11-28 02:53:57'),(449,'The Elder Scrolls IV: Oblivion Game of the Year Edition','the-elder-scrolls-iv-oblivion-game-of-the-year-edi','https://media.rawg.io/media/games/886/8868f9ea0c91d45316319ebf5dd4fc64.jpg','rawg','15642','2025-11-28 02:53:57'),(450,'Marvel\'s Guardians of the Galaxy','guardians-of-the-galaxy','https://media.rawg.io/media/games/708/7080e6c87e0825cb02888bf3c44b3889.jpg','rawg','616765','2025-11-28 02:53:57'),(451,'Binary Domain','binary-domain','https://media.rawg.io/media/games/bcd/bcd9896b7c3b9fa80e5dcb67c961e2be.jpg','rawg','3965','2025-11-28 02:53:57'),(452,'Mass Effect 3','mass-effect-3','https://media.rawg.io/media/games/315/3156817d3ac1f341da73de6495fb28f5.jpg','rawg','4439','2025-11-28 02:53:57'),(453,'Hitman 2: Silent Assassin','hitman-2-silent-assassin','https://media.rawg.io/media/games/683/6833fbb183fd72a61c032501e3bc6d36.jpg','rawg','19592','2025-11-28 02:53:57'),(454,'Shadow Tactics: Blades of the Shogun','shadow-tactics','https://media.rawg.io/media/games/c35/c354856af9151dc63844be4f9843d2c2.jpg','rawg','10767','2025-11-28 02:53:57'),(455,'The Awesome Adventures of Captain Spirit','the-awesome-adventures-of-capitan-spirit','https://media.rawg.io/media/games/efd/efd6b2cb621c41a2b6580d8ac260b8ba.jpg','rawg','58752','2025-11-28 02:53:57'),(456,'Sins of a Solar Empire: Rebellion','sins-of-a-solar-empire-rebellion','https://media.rawg.io/media/screenshots/65c/65c9c15e274705b5fe343e424ce76ec8.jpg','rawg','9631','2025-11-28 02:53:57'),(457,'Rage','rage','https://media.rawg.io/media/games/8a7/8a75028028592f9323d1e6e86668bb91.jpg','rawg','5636','2025-11-28 02:53:57'),(458,'Call of Duty: Modern Warfare Remastered','call-of-duty-modern-warfare-remastered','https://media.rawg.io/media/games/509/509c81a5da92a8d0645d9e160d155017.jpg','rawg','884','2025-11-28 02:53:57'),(459,'Injustice 2','injustice-2','https://media.rawg.io/media/games/e42/e428e70c97064037326d7863a43a0454.jpg','rawg','38','2025-11-28 02:53:57'),(460,'Call of Duty: World at War','call-of-duty-world-at-war','https://media.rawg.io/media/games/da1/da15524e850ee9791b32973b748e08d5.jpg','rawg','5528','2025-11-28 02:53:57'),(461,'World of Goo','world-of-goo','https://media.rawg.io/media/games/d03/d030347839f74454afcd1008248b08ae.jpg','rawg','1140','2025-11-28 02:53:57'),(462,'Day of Defeat','day-of-defeat','https://media.rawg.io/media/games/ccc/ccc0d5396e3331d58e5eb58a6a1fa1b7.jpg','rawg','19410','2025-11-28 02:53:57'),(463,'Shadow of the Colossus (2011)','shadow-of-the-colossus','https://media.rawg.io/media/games/6ac/6ac602e70c837ababdf025e997391d9c.jpg','rawg','4491','2025-11-28 02:53:57'),(464,'Magicka 2','magicka-2','https://media.rawg.io/media/games/516/516c6bfe36ddb498d860f68927448a75.jpg','rawg','3315','2025-11-28 02:53:57'),(465,'Baldur\'s Gate III','baldurs-gate-3','https://media.rawg.io/media/games/699/69907ecf13f172e9e144069769c3be73.jpg','rawg','324997','2025-11-28 02:53:57'),(466,'Tell Me Why','tell-me-why','https://media.rawg.io/media/games/b28/b28a135fa6133e17b228f46902a4fda4.jpg','rawg','391399','2025-11-28 02:53:57'),(467,'Shadow Warrior','shadow-warrior-classic-redux','https://media.rawg.io/media/screenshots/f7e/f7e70957c14ead1fa187a616dfa83e09.jpg','rawg','15317','2025-11-28 02:53:57'),(468,'Outlast 2','outlast-2','https://media.rawg.io/media/games/880/880f6aa65fe9d786f1a455963df76180.jpg','rawg','9835','2025-11-28 02:53:57'),(469,'Gears 5','gears-5','https://media.rawg.io/media/games/121/1213f8b9b0a26307e672cf51f34882f8.jpg','rawg','326252','2025-11-28 02:53:57'),(470,'Deathloop','deathloop-2','https://media.rawg.io/media/games/018/01857c5ff9579c48fa8bd76b4d83a946.jpg','rawg','326251','2025-11-28 02:53:57'),(471,'Tomb Raider: Legend','tomb-raider-legend','https://media.rawg.io/media/games/9d4/9d45e22df640fcb6f4b754aa3491ae09.jpg','rawg','5298','2025-11-28 02:53:57'),(472,'Ricochet','ricochet','https://media.rawg.io/media/screenshots/120/120d930368bc171c42f9caab94e33c65.jpg','rawg','14606','2025-11-28 02:53:57'),(473,'Bully: Scholarship Edition','bully-scholarship-edition','https://media.rawg.io/media/games/e2b/e2b2bf36ff4af8f8495d2f4e08b1d392.jpg','rawg','16787','2025-11-28 02:53:57'),(474,'Robocraft','robocraft','https://media.rawg.io/media/screenshots/2b9/2b9a49e89c1ba892a648620194dcf327.jpg','rawg','10310','2025-11-28 02:53:57'),(475,'Street Fighter V','street-fighter-v','https://media.rawg.io/media/games/a32/a32c9c299488ca99afc3fcea605a7718.jpg','rawg','2805','2025-11-28 02:53:57'),(476,'Deponia: The Complete Journey','deponia-the-complete-journey','https://media.rawg.io/media/games/99d/99d7fadd2342f575d238a4e1f5c542b6.jpg','rawg','15714','2025-11-28 02:53:57'),(477,'Deathmatch Classic','deathmatch-classic','https://media.rawg.io/media/screenshots/b04/b042f8a7d3d9f8fe61d5af5d47ab6088.jpg','rawg','20405','2025-11-28 02:53:57'),(478,'Trove','trove','https://media.rawg.io/media/screenshots/d68/d684c5ec81b8ea46bfd4b5c3bae4007f.jpg','rawg','197','2025-11-28 02:53:57'),(479,'Overcooked! 2','overcooked-2','https://media.rawg.io/media/games/d11/d11470677a829e34562e95a4002c2c7f.jpg','rawg','58827','2025-11-28 02:53:57'),(480,'Call of Duty 4: Modern Warfare','modern-warfare','https://media.rawg.io/media/games/9fb/9fbaea2168caea1f806546dfdaaeb1da.jpg','rawg','4535','2025-11-28 02:53:57'),(481,'Resident Evil Revelations','resident-evil-revelations-biohazard-revelations','https://media.rawg.io/media/games/89a/89ac2742fcfeba3b95ac94457af766ef.jpg','rawg','4012','2025-11-28 02:53:57'),(482,'Red Faction: Armageddon','red-faction-armageddon','https://media.rawg.io/media/games/395/395ad028483d6cd9076b746a3eec993d.jpg','rawg','4523','2025-11-28 02:53:57'),(483,'The Evil Within 2','the-evil-within-2','https://media.rawg.io/media/games/d5f/d5fd2f970f48d0877a53aec98825faba.jpg','rawg','29171','2025-11-28 02:53:57'),(484,'Satellite Reign','satellite-reign','https://media.rawg.io/media/games/8df/8df64136042eb6e2ed4fa910a6ad96ac.jpg','rawg','14334','2025-11-28 02:53:58'),(485,'Assassin\'s Creed Valhalla','assassins-creed-valhalla','https://media.rawg.io/media/games/934/9346092ae11bf7582c883869468171cc.jpg','rawg','437059','2025-11-28 02:53:58'),(486,'Sunset Overdrive','sunset-overdrive','https://media.rawg.io/media/games/c2e/c2eb6021a2596644b437e943612af25c.jpg','rawg','6773','2025-11-28 02:53:58'),(487,'Life is Strange: Before The Storm','life-is-strange-before-storm','https://media.rawg.io/media/games/214/2140885d34e3a3398b45036e5d870971.jpg','rawg','29215','2025-11-28 02:53:58'),(488,'Torchlight','torchlight','https://media.rawg.io/media/games/b17/b175178f8842276b8b18b339fe3146a1.jpg','rawg','17127','2025-11-28 02:53:58'),(489,'Tomb Raider: Anniversary','tomb-raider-anniversary','https://media.rawg.io/media/games/791/791abcd56601482964f0fee6d8ab6a61.jpeg','rawg','5297','2025-11-28 02:53:58'),(490,'Star Wars Jedi Knight: Jedi Academy','star-wars-jedi-knight-jedi-academy','https://media.rawg.io/media/games/7e8/7e8890a662539b1bdefcf57409aef765.jpg','rawg','11970','2025-11-28 02:53:58'),(491,'Ghostrunner','ghostrunner','https://media.rawg.io/media/games/957/957154d665ae676b00c0859551c733b1.jpg','rawg','366850','2025-11-28 02:53:58'),(492,'Gone Home','gone-home','https://media.rawg.io/media/games/9e5/9e5b91a6d02e66b8d450a977a59ae123.jpg','rawg','18003','2025-11-28 02:53:58'),(493,'System Shock 2','system-shock-2','https://media.rawg.io/media/games/65f/65f661f1487395055ba05e0a95fc0330.jpg','rawg','10615','2025-11-28 02:53:58'),(494,'Awesomenauts','awesomenauts','https://media.rawg.io/media/screenshots/4df/4df0b0812fd89af2285e683fb78f1323.jpg','rawg','4387','2025-11-28 02:53:58'),(495,'Orcs Must Die! 2','orcs-must-die-2','https://media.rawg.io/media/games/725/725eb4171c8aacee030a2d050ebf9fad.jpg','rawg','17356','2025-11-28 02:53:58'),(496,'Shadowrun: Dragonfall - Director\'s Cut','shadowrun-dragonfall-dc','https://media.rawg.io/media/screenshots/7f8/7f8b58994fc420fefaa5fb9992335a11.jpg','rawg','1670','2025-11-28 02:53:58'),(497,'ARMA: Cold War Assault','arma-cold-war-assault','https://media.rawg.io/media/games/109/10956e4561064fc4f1dda0baa540735e.jpg','rawg','19196','2025-11-28 02:53:58'),(498,'Final Fantasy VII (1997)','final-fantasy-vii','https://media.rawg.io/media/games/6c0/6c00ee85d1344f58c469e8e47fd8ae7c.jpg','rawg','52939','2025-11-28 02:53:58'),(499,'Metro: Last Light','metro-last-light','https://media.rawg.io/media/games/b1f/b1f1eeee149ef49c008a2258ee6c0d78.jpg','rawg','28395','2025-11-28 02:53:58'),(500,'Katana ZERO','katana-zero','https://media.rawg.io/media/games/d37/d37e110ddcc0bd52d99f0f647b737a0a.jpg','rawg','13856','2025-11-28 02:53:58'),(501,'Sonic Generations','sonic-generations','https://media.rawg.io/media/games/9a1/9a18c226cf379272c698f26d2b79b3da.jpg','rawg','4331','2025-11-28 02:53:58'),(502,'Marvel\'s Spider-Man: Miles Morales','marvels-spider-man-miles-morales','https://media.rawg.io/media/games/048/048b46cdc66cbc7e235e1f359c2a77ec.jpg','rawg','452634','2025-11-28 02:53:58'),(503,'Alien Swarm','alien-swarm','https://media.rawg.io/media/screenshots/a65/a65e9f01832997a4d913b3ea86319af4.jpg','rawg','19429','2025-11-28 02:53:58'),(504,'Spyro Reignited Trilogy','spyro-reignited-trilogy','https://media.rawg.io/media/games/a50/a505bccdcfdc79970a93574c747f6e0d.jpg','rawg','58133','2025-11-28 02:53:58'),(505,'Battlerite','battlerite','https://media.rawg.io/media/screenshots/54f/54fcf1a626faa92afa3f5d2834dbc5ce.jpg','rawg','10031','2025-11-28 02:53:58'),(506,'Kerbal Space Program','kerbal-space-program','https://media.rawg.io/media/games/bda/bdab2603c0dc67268d0610449bc7df16.jpg','rawg','2213','2025-11-28 02:53:58'),(507,'7 Days to Die','7-days-to-die','https://media.rawg.io/media/games/5cb/5cbbc5cd24677331c85253f961cad72a.jpg','rawg','2255','2025-11-28 02:53:58'),(508,'Never Alone','never-alone','https://media.rawg.io/media/games/23a/23acbd56da0c30bca0227967a5720c96.jpg','rawg','42776','2025-11-28 02:53:58'),(509,'Everlasting Summer','everlasting-summer','https://media.rawg.io/media/games/3b5/3b56220d6038b8b1ad66c4d05ef95215.jpg','rawg','13079','2025-11-28 02:53:58'),(510,'Dota Underlords','dota-underlords','https://media.rawg.io/media/games/66e/66e90c9d7b9a17335b310ceb294e9365.jpg','rawg','327999','2025-11-28 02:53:58'),(511,'Deus Ex 2: Invisible War','deus-ex-2-invisible-war','https://media.rawg.io/media/screenshots/ca0/ca06700d8184f451b99396c23b4ffbe4.jpg','rawg','22859','2025-11-28 02:53:58'),(512,'Battlefield: Bad Company 2','battlefield-bad-company-2','https://media.rawg.io/media/games/e8f/e8f923180ecb9614ec564a15937cfd9e.jpg','rawg','4388','2025-11-28 02:53:58'),(513,'Totally Accurate Battlegrounds','totally-accurate-battlegrounds','https://media.rawg.io/media/games/c88/c88463dcf1b3fc79c54a59c30076344a.jpg','rawg','58651','2025-11-28 02:53:58'),(514,'Deadlight','deadlight','https://media.rawg.io/media/games/595/59556e1839b2e79b6f11f2c68a197663.jpg','rawg','17252','2025-11-28 02:53:58'),(515,'Clicker Heroes','clicker-heroes','https://media.rawg.io/media/screenshots/054/054bf49d9e736edfda5aa8e9015faf9b.jpeg','rawg','204','2025-11-28 02:53:58'),(516,'Risk of Rain 2','risk-of-rain-2','https://media.rawg.io/media/games/238/238e2b2b24c9838626700c69cacf1e3a.jpg','rawg','263590','2025-11-28 02:53:58'),(517,'Kholat','kholat','https://media.rawg.io/media/games/813/813f9dab418a3d549f8b9ad8ef2f3d9c.jpg','rawg','2722','2025-11-28 02:53:58'),(518,'God of War III Remastered','god-of-war-iii-remastered','https://media.rawg.io/media/games/4b6/4b67558bf04c7211aabeff179271bdd8.jpg','rawg','3265','2025-11-28 02:53:58'),(519,'TEKKEN 7','tekken-7','https://media.rawg.io/media/games/62b/62b035add7205737540d66e082b85930.jpg','rawg','36','2025-11-28 02:53:58'),(520,'Blasphemous','blasphemous','https://media.rawg.io/media/games/b01/b01aa6b2d6d4f683203e9471a8b8d5b5.jpg','rawg','258322','2025-11-28 02:53:58'),(521,'Evolve Stage 2','evolve-stage-2','https://media.rawg.io/media/games/28a/28a895c2e05e508dca8fd73c51492d59.jpg','rawg','16355','2025-11-28 02:53:58'),(522,'HELL YEAH! Wrath of the Dead Rabbit','hell-yeah-wrath-of-the-dead-rabbit','https://media.rawg.io/media/screenshots/3f1/3f1c417b405a86ed7d92b903e0fcfd0c.jpg','rawg','4249','2025-11-28 02:53:58'),(523,'Outland','outland','https://media.rawg.io/media/games/f80/f805774c679cca1a1a472d9ac39c78b7.jpg','rawg','4676','2025-11-28 02:53:58'),(524,'Styx: Master of Shadows','styx-master-of-shadows','https://media.rawg.io/media/games/cd7/cd78e63236e86f97f4b2e45f3843eb3d.jpg','rawg','3562','2025-11-28 02:53:59'),(525,'Shadow Warrior 2','shadow-warrior-2','https://media.rawg.io/media/games/0b2/0b240149610b8b20eac098b8071f575a.jpg','rawg','9545','2025-11-28 02:53:59'),(526,'Just Cause','just-cause','https://media.rawg.io/media/games/e60/e601c02ec49ef4f1d5ef147994b3935f.jpg','rawg','19685','2025-11-28 02:53:59'),(527,'Uncharted: The Lost Legacy','uncharted-the-lost-legacy','https://media.rawg.io/media/games/560/56056a71c74f751552c9baedebf8f317.jpg','rawg','21926','2025-11-28 02:53:59'),(528,'Galactic Civilizations II: Ultimate Edition','galactic-civilizations-ii-ultimate-edition','https://media.rawg.io/media/games/3d8/3d8e76154123ef352d8d3216da061a2d.jpg','rawg','16191','2025-11-28 02:53:59'),(529,'Mount & Blade: Warband','mount-blade-warband','https://media.rawg.io/media/games/ccd/ccd40e8f86c0ae10a082b610d31d4475.jpg','rawg','1299','2025-11-28 02:53:59'),(530,'Saints Row: Gat Out of Hell','saints-row-gat-out-of-hell','https://media.rawg.io/media/games/1ad/1ad3737af2c4a4ff8e7f5540b5dcade8.jpg','rawg','3450','2025-11-28 02:53:59'),(531,'Mortal Kombat Komplete Edition','mortal-kombat-komplete-edition','https://media.rawg.io/media/games/297/297a51aa1f0999016d5a35e2e1d6d8ab.jpg','rawg','17599','2025-11-28 02:53:59'),(532,'VVVVVV','vvvvvv','https://media.rawg.io/media/screenshots/6fe/6fe228662a253cd929cc78a103541ee0.jpg','rawg','2434','2025-11-28 02:53:59'),(533,'H1Z1: King of the Kill','h1z1-king-of-the-kill','https://media.rawg.io/media/screenshots/848/848253347dc93c762bfd51c7e4989b8f.jpg','rawg','9853','2025-11-28 02:53:59'),(534,'Surgeon Simulator','surgeon-simulator-cpr','https://media.rawg.io/media/screenshots/ca8/ca840f2a8ebfc74aac1688367dc1f903.jpg','rawg','2778','2025-11-28 02:53:59'),(535,'Warhammer: End Times - Vermintide','warhammer-end-times-vermintide','https://media.rawg.io/media/games/1dc/1dc45435c09f844b24eb96cd66eb6325.jpg','rawg','1225','2025-11-28 02:53:59'),(536,'Renegade Ops','renegade-ops','https://media.rawg.io/media/games/31b/31b1a1a45ad7103e52eed8ef658209a2.jpg','rawg','4612','2025-11-28 02:53:59'),(537,'Stories: The Path of Destinies','stories-the-path-of-destinies','https://media.rawg.io/media/games/1aa/1aaf454e0d3809ba1c34df4514492237.jpg','rawg','2559','2025-11-28 02:53:59'),(538,'LEGO Marvel Super Heroes','lego-marvel','https://media.rawg.io/media/games/a87/a8743bdee8627c55bb9f2f01b9136ac1.jpg','rawg','3850','2025-11-28 02:53:59'),(539,'Uncharted 2: Among Thieves','uncharted-2-among-thieves','https://media.rawg.io/media/games/74b/74b239f6ef0216a2f66e652d54abb2e6.jpg','rawg','22513','2025-11-28 02:53:59'),(540,'Steep','steep','https://media.rawg.io/media/games/b22/b227810b1a1bcbe9cf3dda22534c686e.jpg','rawg','715','2025-11-28 02:53:59'),(541,'Sniper Elite 3','sniper-elite-3','https://media.rawg.io/media/games/fe6/fe68940746007261e34da4d9cce81423.jpg','rawg','3651','2025-11-28 02:53:59'),(542,'Mass Effect: Legendary Edition','mass-effect-legendary-edition','https://media.rawg.io/media/games/64e/64e2a77f37ddc48d102127234af99886.jpg','rawg','516111','2025-11-28 02:53:59'),(543,'Enclave','enclave','https://media.rawg.io/media/games/de4/de4b7cb80b39d95943f2931093b46932.jpg','rawg','17295','2025-11-28 02:53:59'),(544,'Fallout 76','fallout-76','https://media.rawg.io/media/games/151/151e79f397328419c64aabe93d9d5a31.jpg','rawg','58585','2025-11-28 02:53:59'),(545,'Hellblade: Senua\'s Sacrifice VR Edition','hellblade-senuas-sacrifice-vr-edition','https://media.rawg.io/media/screenshots/015/015988a097b5a0e78b4ecd631e85daba.jpg','rawg','60179','2025-11-28 02:53:59'),(546,'FINAL FANTASY XIII','final-fantasy-xiii','https://media.rawg.io/media/games/943/9432de383089b0a427a3cdf3687b2b73.jpg','rawg','20760','2025-11-28 02:53:59'),(547,'Serious Sam: The First Encounter','serious-sam-the-first-encounter','https://media.rawg.io/media/games/f0e/f0e050dc774d4ae3afced76b33516295.jpg','rawg','22789','2025-11-28 02:53:59'),(548,'Mass Effect: Andromeda','mass-effect-andromeda','https://media.rawg.io/media/games/a9b/a9be26838e6d54d8fb008ffc70e0d59a.jpg','rawg','137','2025-11-28 02:53:59'),(549,'Genshin Impact','genshin-impact','https://media.rawg.io/media/games/c38/c38bdb5da139005777176d33c463d70f.jpg','rawg','401805','2025-11-28 02:53:59'),(550,'Fable Anniversary','fable-anniversary','https://media.rawg.io/media/games/071/0715f91a89d634d9183e2f23c0cb1a98.jpg','rawg','17925','2025-11-28 02:53:59'),(551,'Prototype','prototype','https://media.rawg.io/media/games/b74/b74b15a48ac7bc37fbb42ee4afcc0b91.jpg','rawg','4923','2025-11-28 02:53:59'),(552,'Furi','furi','https://media.rawg.io/media/games/556/556157feed9ee1f55f2b12b2973e30a3.jpg','rawg','2239','2025-11-28 02:53:59'),(553,'Prince of Persia (2008)','prince-of-persia','https://media.rawg.io/media/games/956/95640d5ea0288c187dbce849a4254a41.jpg','rawg','4744','2025-11-28 02:53:59'),(554,'F1 2015','f1-2015','https://media.rawg.io/media/games/ff6/ff66ce127716df74175961831ad3a23a.jpg','rawg','3251','2025-11-28 02:53:59'),(555,'Titan Quest','titan-quest','https://media.rawg.io/media/games/910/910d547965a5c4928ca19112778a1b4f.jpg','rawg','123','2025-11-28 02:53:59'),(556,'Mirror\'s Edge Catalyst','mirrors-edge-catalyst','https://media.rawg.io/media/games/257/257c497aa4060f4a697ccbf5e99ec230.jpg','rawg','2354','2025-11-28 02:53:59'),(557,'Hitman: Codename 47','hitman-codename-47','https://media.rawg.io/media/games/3f6/3f6a397ec36acfcc18bb6ab3414c7658.jpg','rawg','10049','2025-11-28 02:53:59'),(558,'SteamWorld Dig','steamworld-dig','https://media.rawg.io/media/games/e07/e07737df8469bf32d132ba9eaffc3461.jpg','rawg','3748','2025-11-28 02:53:59'),(559,'Warhammer 40,000: Dawn of War - Game of the Year Edition','warhammer-40000-dawn-of-war-game-of-the-year-editi','https://media.rawg.io/media/screenshots/0e6/0e60075818860647a1e6a9f9a8ebfada.jpg','rawg','13469','2025-11-28 02:53:59'),(560,'Serious Sam HD:  The First Encounter','serious-sam-hd-tfe','https://media.rawg.io/media/screenshots/d07/d07a7e2f7be2428c51ad26326c84e21d.jpg','rawg','28261','2025-11-28 02:53:59'),(561,'Doom 3','doom-3','https://media.rawg.io/media/games/3b0/3b01313965c19adc6b6c37a3d9d33576.jpg','rawg','19458','2025-11-28 02:53:59'),(562,'Plants vs. Zombies GOTY Edition','plants-vs-zombies-goty-edition','https://media.rawg.io/media/games/096/0962642c3f74cd6306ad8bfdfd3d6150.jpg','rawg','19309','2025-11-28 02:53:59'),(563,'Grim Dawn','grim-dawn','https://media.rawg.io/media/games/920/92039cd19460532b76f6244b2bb3e4ac.jpg','rawg','9465','2025-11-28 02:53:59'),(564,'Strider','strider','https://media.rawg.io/media/screenshots/12e/12ee2600684863837596c0dbb1923fca.jpg','rawg','3772','2025-11-28 02:54:00'),(565,'Call of Duty: Modern Warfare (2019)','call-of-duty-modern-warfare','https://media.rawg.io/media/games/e43/e43f9f0a1429bd9332020ac5876bc693.jpg','rawg','323065','2025-11-28 02:54:01'),(566,'Dishonored: Death of the Outsider','dishonored-death-of-the-outsider','https://media.rawg.io/media/games/742/74276457ebb9466e11d75a2be7722265.jpg','rawg','29173','2025-11-28 02:54:01'),(567,'Viking: Battle for Asgard','viking','https://media.rawg.io/media/games/a1f/a1f93b9b287a0808161a35952635867e.jpg','rawg','14990','2025-11-28 02:54:01'),(568,'The Banner Saga','banner-saga','https://media.rawg.io/media/games/fa3/fa3dd043cba3a9cbfe3085e75d92bf7e.jpg','rawg','2913','2025-11-28 02:54:01'),(569,'Crypt of the NecroDancer','crypt-of-the-necrodancer','https://media.rawg.io/media/games/70a/70a7a7b21d8fdf5f19622e5e14599bcd.jpg','rawg','2845','2025-11-28 02:54:01'),(570,'World of Tanks','world-of-tanks','https://media.rawg.io/media/games/c3b/c3be1d5f55cb9324c97ccb7aaaf42ad4.jpg','rawg','722','2025-11-28 02:54:01'),(571,'Fallout Tactics: Brotherhood of Steel','fallout-tactics-brotherhood-of-steel','https://media.rawg.io/media/games/27c/27c86ebfba2281ebe3ea8ca6c9e752f1.jpg','rawg','19284','2025-11-28 02:54:01'),(572,'Elite Dangerous','elite-dangerous','https://media.rawg.io/media/games/b69/b69a67833630dd96d8eee9d2c8c27574.jpg','rawg','7485','2025-11-28 02:54:01'),(573,'Darksiders III','darksiders-iii','https://media.rawg.io/media/games/cb7/cb770f3f9871e1130f40812b05e401b2.jpg','rawg','22597','2025-11-28 02:54:01'),(574,'Need for Speed Heat','need-for-speed-heat','https://media.rawg.io/media/games/370/3703c683968a54f09630dcf03366ea35.jpg','rawg','364806','2025-11-28 02:54:01'),(575,'Superhot: Mind Control Delete','superhot-mind-control-delete','https://media.rawg.io/media/games/b56/b56853f28ecdc04b44f552f7b9c8ea69.jpg','rawg','50677','2025-11-28 02:54:01'),(576,'Uncharted: Drake\'s Fortune','uncharted-drakes-fortune','https://media.rawg.io/media/games/f2e/f2e6dcf9c27d99ba2551f1094ad41756.jpg','rawg','4340','2025-11-28 02:54:01'),(577,'The Vanishing of Ethan Carter','the-vanishing-of-ethan-carter','https://media.rawg.io/media/games/90c/90caf1fcb836cad70013452f6f239008.jpg','rawg','3268','2025-11-28 02:54:01'),(578,'Plague Inc: Evolved','plague-inc-evolved','https://media.rawg.io/media/games/e31/e315213a5cb21645df8db3e5191e530c.jpg','rawg','2390','2025-11-28 02:54:01'),(579,'Unravel','unravel','https://media.rawg.io/media/games/cfe/cfe114c081281960bd79ace5209c0a4a.jpg','rawg','2830','2025-11-28 02:54:01'),(580,'Super Mario Odyssey','super-mario-odyssey','https://media.rawg.io/media/games/267/267bd0dbc496f52692487d07d014c061.jpg','rawg','28026','2025-11-28 02:54:01'),(581,'Overlord II','overlord-2','https://media.rawg.io/media/games/bfb/bfb2bf7a0413443b1fcf0be7c3244053.jpg','rawg','18886','2025-11-28 02:54:01'),(582,'Dead Rising 2','dead-rising-2','https://media.rawg.io/media/games/7e7/7e79e3296a7f64e7535c9e5bb5aa4b53.jpg','rawg','1322','2025-11-28 02:54:01'),(583,'No More Room in Hell','no-more-room-in-hell','https://media.rawg.io/media/screenshots/f34/f34c86335d0c51baa582aa93fa2d3f55.jpg','rawg','18081','2025-11-28 02:54:01'),(584,'Project Zomboid','project-zomboid','https://media.rawg.io/media/screenshots/243/2436b84b99f1121c302367f0c5901b84.jpg','rawg','10900','2025-11-28 02:54:01'),(585,'Age of Empires II HD','age-of-empires-ii-hd','https://media.rawg.io/media/games/c07/c07e1c1e6908a2eeebd5dad0708abd01.jpg','rawg','9904','2025-11-28 02:54:01'),(586,'Thomas Was Alone','thomas-was-alone','https://media.rawg.io/media/games/6c8/6c8cb4780ce30b76b944cf656e8fff49.jpg','rawg','3494','2025-11-28 02:54:01'),(587,'Ultimate Epic Battle Simulator','ultimate-epic-battle-simulator','https://media.rawg.io/media/screenshots/2a2/2a2a162a08f2bba053334ecfda25228d.jpg','rawg','22069','2025-11-28 02:54:01'),(588,'The Expendabros','the-expendabros','https://media.rawg.io/media/screenshots/604/6046ad65ac38adfe0553823489bb7ed4.jpg','rawg','20980','2025-11-28 02:54:01'),(589,'EVE Online','eve-online','https://media.rawg.io/media/games/82b/82be203e68d737762846203811165933.jpg','rawg','13498','2025-11-28 02:54:01'),(590,'Tom Clancy\'s Ghost Recon Wildlands','tom-clancys-ghost-recon-wildlands-2','https://media.rawg.io/media/games/72e/72e0e063c817e90c696b2da3ea78abaa.jpg','rawg','10125','2025-11-28 02:54:01'),(591,'Grand Theft Auto: Episodes from Liberty City','grand-theft-auto-episodes-from-liberty-city','https://media.rawg.io/media/games/470/470d21d6971de8f13ec0e1664a120cc0.jpg','rawg','4414','2025-11-28 02:54:01'),(592,'Star Wars Jedi Knight II: Jedi Outcast','star-wars-jedi-knight-ii-jedi-outcast','https://media.rawg.io/media/games/0a5/0a56e2bb9ce95359e69ff9689c553a45.jpg','rawg','12018','2025-11-28 02:54:01'),(593,'Tropico 5','tropico-5','https://media.rawg.io/media/games/3c9/3c994986d767f56e7b72a124a35d4c3c.jpg','rawg','3358','2025-11-28 02:54:01'),(594,'Far Cry Primal','far-cry-primal','https://media.rawg.io/media/games/119/119bb59e64c7956171a33df0d35aee6b.jpg','rawg','2767','2025-11-28 02:54:01'),(595,'SpeedRunners','speedrunners','https://media.rawg.io/media/games/9e5/9e52a797f049e701d4eee84774a99007.jpg','rawg','11228','2025-11-28 02:54:01'),(596,'Dirty Bomb','dirty-bomb','https://media.rawg.io/media/screenshots/616/616437f375a1080756c917b1437404f3.jpg','rawg','9979','2025-11-28 02:54:01'),(597,'The Order: 1886','the-order-1886','https://media.rawg.io/media/games/c5b/c5b3b6aa220050f7f504f4477cb51d3b.jpg','rawg','3459','2025-11-28 02:54:01'),(598,'The Surge','the-surge','https://media.rawg.io/media/games/396/3963e0df75c22d5995368ec43dacc19e.jpg','rawg','9741','2025-11-28 02:54:01'),(599,'Need for Speed Payback','need-for-speed-payback','https://media.rawg.io/media/games/a57/a57e3c73ca46cbf55b526c828e3545c0.jpg','rawg','23702','2025-11-28 02:54:01'),(600,'Need for Speed','need-for-speed','https://media.rawg.io/media/games/19a/19a512a8c1293c22894b7364e1405ec1.jpg','rawg','3090','2025-11-28 02:54:01'),(601,'Alpha Protocol','alpha-protocol','https://media.rawg.io/media/games/8b9/8b9e77be7f0f7941b11ae4b21ca2db43.jpg','rawg','14989','2025-11-28 02:54:01'),(602,'Dungeons 2','dungeons-2','https://media.rawg.io/media/games/476/4767c380895fd35a4f1b59016dc45967.jpg','rawg','2412','2025-11-28 02:54:01'),(603,'ArmA II','arma-2','https://media.rawg.io/media/screenshots/c38/c38595cc04bdddaa84ed8feae5319849.jpg','rawg','9494','2025-11-28 02:54:01'),(604,'Dark Messiah of Might and Magic','dark-messiah-of-might-magic','https://media.rawg.io/media/games/330/330952c1726bbb56fc3b9f8a8c83ab1d.jpg','rawg','19380','2025-11-28 02:54:02'),(605,'TERA','tera','https://media.rawg.io/media/screenshots/6d3/6d367773c06886535620f2d7fb1cb866.jpg','rawg','10296','2025-11-28 02:54:02'),(606,'Scribblenauts Unlimited','scribblenauts-unlimited','https://media.rawg.io/media/screenshots/42d/42d770eb49f2ba01cd4045e0d92af7a9.jpg','rawg','7317','2025-11-28 02:54:02'),(607,'The Uncertain: Episode 1 - The Last Quiet Day','the-uncertain-episode-1-the-last-quiet-day','https://media.rawg.io/media/screenshots/72c/72c1405b3524e40c44c7860f2b5fa7f9.jpg','rawg','13273','2025-11-28 02:54:02'),(608,'Company of Heroes: Opposing Fronts','company-of-heroes-opposing-fronts','https://media.rawg.io/media/games/fcf/fcf81e19683092d40d519a6d6a9bcf6e.jpg','rawg','18184','2025-11-28 02:54:02'),(609,'Moonlighter','moonlighter','https://media.rawg.io/media/games/5c2/5c2b78d4ee2647849d0bfb5d772345c8.jpg','rawg','22162','2025-11-28 02:54:02'),(610,'Risk of Rain','risk-of-rain','https://media.rawg.io/media/games/f62/f62eb0901c7017776e0a5c6a94f979d5.jpg','rawg','2556','2025-11-28 02:54:02'),(611,'RiME','rime','https://media.rawg.io/media/games/5aa/5aa4c12a53bc5f606bf8d92461ec747d.jpg','rawg','9744','2025-11-28 02:54:02'),(612,'Gothic','gothic-1','https://media.rawg.io/media/games/e75/e75c54e5a9a2754bab181b2240472389.jpg','rawg','18726','2025-11-28 02:54:02'),(613,'Thief Gold','thief-gold','https://media.rawg.io/media/games/934/934db575e66d63f2a6e86a2c688c141b.jpeg','rawg','10050','2025-11-28 02:54:02'),(614,'Remnant: From the Ashes','remnant-from-the-ashes','https://media.rawg.io/media/games/30f/30f2c0f6890da6971102210c56d8513c.jpg','rawg','236694','2025-11-28 02:54:02'),(615,'Need For Speed: Hot Pursuit','need-for-speed-hot-pursuit-2','https://media.rawg.io/media/games/367/367463d43c2a1465f27e830b5b1334ee.jpg','rawg','19633','2025-11-28 02:54:02'),(616,'Risen','risen','https://media.rawg.io/media/games/155/155a7d8f464ef6029e11cc6a9c0f763d.jpg','rawg','19439','2025-11-28 02:54:02'),(617,'Unreal Gold','unreal-gold','https://media.rawg.io/media/games/8b5/8b591049784d961016852873bdcb5b2d.jpg','rawg','21736','2025-11-28 02:54:02'),(618,'Nioh','nioh','https://media.rawg.io/media/games/f84/f84c7c45e074117fb81fecf427f8b41f.jpg','rawg','401','2025-11-28 02:54:02'),(619,'The Lab','the-lab','https://media.rawg.io/media/screenshots/d33/d331d95adf10b44ee3678129020bc31f.jpg','rawg','11148','2025-11-28 02:54:02'),(620,'This is the Police','this-is-the-police','https://media.rawg.io/media/games/6cc/6cc68fa183b905ac9d85efb9797776f6.jpg','rawg','122','2025-11-28 02:54:02'),(621,'X-COM: UFO Defense','ufo-enemy-unknown','https://media.rawg.io/media/screenshots/010/0101f021b2dc123c98969fda7e4bcd92.jpg','rawg','20569','2025-11-28 02:54:02'),(622,'South Park: The Fractured But Whole','south-park-the-fractured-but-whole','https://media.rawg.io/media/games/63c/63cb04333dea1726e90b38dc3d10258f.jpg','rawg','29','2025-11-28 02:54:02'),(623,'Loadout','loadout','https://media.rawg.io/media/games/560/560847de3a0fd510bbe6c305abca0f0f.jpg','rawg','3468','2025-11-28 02:54:02'),(624,'Deceit','deceit','https://media.rawg.io/media/screenshots/ff5/ff594fc8b1ada40fe2ae9a5d549dc197.jpg','rawg','9782','2025-11-28 02:54:02'),(625,'LittleBigPlanet 3','littlebigplanet-3','https://media.rawg.io/media/games/8e3/8e399167fd529da5e9e505e987ae63ff.jpg','rawg','3501','2025-11-28 02:54:02'),(626,'SteamWorld Dig 2','steamworld-dig-2','https://media.rawg.io/media/games/95a/95adc7a2135783dfd2204f694200c836.jpg','rawg','27938','2025-11-28 02:54:02'),(627,'SpaceChem','spacechem','https://media.rawg.io/media/screenshots/95a/95a557d6dfa6430dd662a136d71e5915.jpg','rawg','10327','2025-11-28 02:54:02'),(628,'Hogwarts Legacy','hogwarts-legacy','https://media.rawg.io/media/games/044/044b2ee023930ca138deda151f40c18c.jpg','rawg','906547','2025-11-28 02:54:02'),(629,'Aim Lab','aim-lab','https://media.rawg.io/media/screenshots/998/998c7f9d1b765975cd6222f4e44503e5.jpg','rawg','46597','2025-11-28 02:54:02'),(630,'Shadow Warrior (2013)','shadow-warrior','https://media.rawg.io/media/games/907/90757eaa9dc7c5cf7c47bf4960843999.jpg','rawg','22938','2025-11-28 02:54:02'),(631,'The Red Solstice','the-red-solstice','https://media.rawg.io/media/games/d87/d87268c4b7b33b278cbc1f152db39729.jpg','rawg','11567','2025-11-28 02:54:02'),(632,'My Friend Pedro','my-friend-pedro','https://media.rawg.io/media/games/21d/21dfa5f7f5c0fa2b85f418c4e1c6ab1b.jpg','rawg','11663','2025-11-28 02:54:02'),(633,'Skullgirls','skullgirls','https://media.rawg.io/media/games/416/4164ca654a339af5be8e63cc9c480c70.jpg','rawg','9824','2025-11-28 02:54:02'),(634,'Dungeon of the Endless','dungeon-of-the-endless','https://media.rawg.io/media/games/a0c/a0cb0ac048c75b41d2620d2e6cb6f983.jpg','rawg','1830','2025-11-28 02:54:02'),(635,'Far Cry','far-cry','https://media.rawg.io/media/games/2ee/2eef5ed5e82c28d1299ecc2a0e60f2cb.jpg','rawg','19560','2025-11-28 02:54:02'),(636,'Phasmophobia','phasmophobia','https://media.rawg.io/media/screenshots/370/370895ff725d74e26b8d30389222b397.jpg','rawg','427930','2025-11-28 02:54:02'),(637,'Call of Duty','call-of-duty','https://media.rawg.io/media/games/9c5/9c5bc0b6e67102bc96dcf1ba41509e42.jpg','rawg','19369','2025-11-28 02:54:02'),(638,'Factorio','factorio','https://media.rawg.io/media/games/7e4/7e4e22b76da131e9690d5757555093c2.jpg','rawg','10926','2025-11-28 02:54:02'),(639,'SPORE','spore','https://media.rawg.io/media/games/cae/caeb9d0cb154124b132d51861735431e.jpg','rawg','11425','2025-11-28 02:54:02'),(640,'Hyper Light Drifter','hyper-light-drifter','https://media.rawg.io/media/games/578/57885b9590c9a9f80ceea34d147a34c4.jpg','rawg','2139','2025-11-28 02:54:02'),(641,'Tropico 3','tropico-3','https://media.rawg.io/media/games/d49/d4974f5eb9e6c47794f681f149280d9d.jpg','rawg','14072','2025-11-28 02:54:02'),(642,'Golf With Your Friends','golf-with-your-friends','https://media.rawg.io/media/screenshots/f5a/f5abab52c4d606551cd5ec3ab709e501.jpg','rawg','10436','2025-11-28 02:54:02'),(643,'Endless Legend','endless-legend','https://media.rawg.io/media/screenshots/0a6/0a62ee096ef629d5c3c44cc4bcc8cbb5.jpg','rawg','12980','2025-11-28 02:54:02'),(644,'Just Cause 4','just-cause-4','https://media.rawg.io/media/games/02a/02a7f96f5a1156642bc0f827fd1b63f0.jpg','rawg','58698','2025-11-28 02:54:03'),(645,'AdVenture Capitalist','adventure-capitalist','https://media.rawg.io/media/games/11b/11b81edff7f45024e36b88e880d86585.jpg','rawg','2055','2025-11-28 02:54:03'),(646,'Besiege','besiege','https://media.rawg.io/media/screenshots/570/5704316c673fab6994db582e0f43f924.jpg','rawg','10281','2025-11-28 02:54:03'),(647,'STAR WARS: The Force Unleashed II','star-wars-the-force-unleashed-2','https://media.rawg.io/media/games/693/693952316d4b90984a92e7ab0f5c9b81.jpg','rawg','15860','2025-11-28 02:54:03'),(648,'RUINER','ruiner','https://media.rawg.io/media/games/489/4899fe1e7b65e550ea619db02006ca6c.jpg','rawg','10537','2025-11-28 02:54:03'),(649,'Vampire: The Masquerade - Bloodlines','vampire-the-masquerade-bloodlines','https://media.rawg.io/media/games/6f0/6f0a69db053bce957d8328a7253fbb29.jpg','rawg','19397','2025-11-28 02:54:03'),(650,'Bulletstorm','bulletstorm','https://media.rawg.io/media/games/b42/b42b05096de6668833bbab38f6099c6a.jpg','rawg','4602','2025-11-28 02:54:03'),(651,'Gothic 3','gothic-3','https://media.rawg.io/media/games/8a3/8a3e91293e38dcc1126ae83d31bfd6e4.jpg','rawg','10393','2025-11-28 02:54:03'),(652,'Rayman Origins','rayman-origins','https://media.rawg.io/media/screenshots/375/375f84d018242d7519a230f623981217.jpg','rawg','4361','2025-11-28 02:54:03'),(653,'We Were Here','we-were-here','https://media.rawg.io/media/screenshots/77b/77bd0acea49153dc6c5a89d91eb568bc.jpg','rawg','9515','2025-11-28 02:54:03'),(654,'Snake Pass','snake-pass','https://media.rawg.io/media/games/f15/f15e1dbda32b588a981bbc6b222a4b4c.jpg','rawg','99','2025-11-28 02:54:03'),(655,'Aegis Defenders','aegis-defenders','https://media.rawg.io/media/games/054/054ab7dd5e83f84f1ec8bedf849b627f.jpg','rawg','23191','2025-11-28 02:54:03'),(656,'Kane & Lynch 2: Dog Days','kane-lynch-2-dog-days','https://media.rawg.io/media/games/b50/b501727147644474562935f19a60134e.jpg','rawg','4477','2025-11-28 02:54:03'),(657,'Game Dev Tycoon','game-dev-tycoon','https://media.rawg.io/media/screenshots/e70/e7009d889b38df2a16f78859a7343308.jpg','rawg','13570','2025-11-28 02:54:03'),(658,'DiRT Rally 2.0','dirt-rally-20','https://media.rawg.io/media/games/8f3/8f306808c45a4dbe0cd698e0b142af08.jpg','rawg','244716','2025-11-28 02:54:03'),(659,'Race The Sun','race-the-sun','https://media.rawg.io/media/games/a01/a01b34c722ceec784817381eb1824fa5.jpg','rawg','2131','2025-11-28 02:54:03'),(660,'Lost Ark','lost-ark','https://media.rawg.io/media/games/d9e/d9e868382c48ec98c9b23b8fbe6a2045.jpg','rawg','372576','2025-11-28 02:54:03'),(661,'Overwatch','overwatch','https://media.rawg.io/media/games/4ea/4ea507ceebeabb43edbc09468f5aaac6.jpg','rawg','22508','2025-11-28 02:54:03'),(662,'Call of Duty: Advanced Warfare','call-of-duty-advanced-warfare','https://media.rawg.io/media/games/e05/e053aae547e0978ad90280a1a3d8f177.jpg','rawg','842','2025-11-28 02:54:03'),(663,'Serious Sam HD: The Second Encounter','serious-sam-hd-the-second-encounter','https://media.rawg.io/media/screenshots/46a/46ac84997152eaf4f760257a60099231.jpg','rawg','13387','2025-11-28 02:54:03'),(664,'Oddworld: New \'n\' Tasty','oddworld-new-n-tasty','https://media.rawg.io/media/games/ba0/ba006ef12175ad4773e5964c320099c4.jpg','rawg','2889','2025-11-28 02:54:03'),(665,'Orcs Must Die!','orcs-must-die','https://media.rawg.io/media/games/417/4176298c1b22ccd338ce3dfc34eb7e28.jpg','rawg','17357','2025-11-28 02:54:03'),(666,'The Dark Pictures Anthology: Man of Medan','man-of-medan','https://media.rawg.io/media/games/206/2060eda39e4646bbe90b55ab7495c173.jpg','rawg','339961','2025-11-28 02:54:03'),(667,'Risen 2: Dark Waters','risen-2-dark-waters-2','https://media.rawg.io/media/games/224/224bc150dfb159caf58ae504f507847e.jpg','rawg','19584','2025-11-28 02:54:03'),(668,'Prince of Persia: The Sands of Time','prince-of-persia-the-sands-of-time','https://media.rawg.io/media/games/99b/99b39612e864d6ddfdb2c407fd9010a1.jpg','rawg','13909','2025-11-28 02:54:03'),(669,'Vanquish','vanquish','https://media.rawg.io/media/games/88a/88af17cc08783ccdd1608ae63c47eeac.jpg','rawg','4206','2025-11-28 02:54:03'),(670,'Red Faction Guerrilla Re-Mars-tered','red-faction-guerilla-re-mars-tered','https://media.rawg.io/media/games/b38/b3825d2c32be1c43d667cc20113230cf.jpg','rawg','59023','2025-11-28 02:54:03'),(671,'LEGO Star Wars - The Complete Saga','lego-star-wars-tcs','https://media.rawg.io/media/games/cf3/cf39c637f18800b6d3f65d640a8ebbaa.jpg','rawg','12662','2025-11-28 02:54:03'),(672,'Tom Clancy\'s Splinter Cell: Conviction','tom-clancys-splinter-cell-conviction','https://media.rawg.io/media/games/366/366e521df82c81218984915203aa3644.jpg','rawg','19568','2025-11-28 02:54:03'),(673,'Star Wars: Republic Commando','star-wars-republic-commando-2','https://media.rawg.io/media/games/b1d/b1de33eca64ad293702d9554f5ac5cd5.jpg','rawg','35561','2025-11-28 02:54:03'),(674,'MultiVersus','multiversus','https://media.rawg.io/media/games/d2e/d2ee15fda80056efef174da4ca5ae54f.jpg','rawg','791638','2025-11-28 02:54:03'),(675,'Anomaly: Warzone Earth','anomaly-warzone-earth','https://media.rawg.io/media/games/d28/d28e64fd1af23d1846d20b47dfa933f8.jpeg','rawg','18287','2025-11-28 02:54:03'),(676,'HELLDIVERS','helldivers','https://media.rawg.io/media/games/ae3/ae357d6e6f9e89597e8293469ddabba9.jpg','rawg','12884','2025-11-28 02:54:03'),(677,'Lord of the Rings: War in the North','lord-of-the-rings-war-in-the-north','https://media.rawg.io/media/games/f32/f3240d0b7a9e6523c8d708129c512ac8.jpg','rawg','4111','2025-11-28 02:54:03'),(678,'Slime Rancher','slime-rancher','https://media.rawg.io/media/games/43f/43f4f3a50651f371c147ecce8ee841a9.jpg','rawg','9736','2025-11-28 02:54:03'),(679,'Headsnatchers','headsnatchers','https://media.rawg.io/media/screenshots/831/8317fca646c75922f2ba6f291f6aac6d.jpg','rawg','61961','2025-11-28 02:54:03'),(680,'Warhammer 40,000: Dawn of War II','warhammer-40k-dawn-of-war-ii','https://media.rawg.io/media/screenshots/4d9/4d9afae02fdf2896569b1c7bfeabb8c1.jpg','rawg','12757','2025-11-28 02:54:03'),(681,'Company of Heroes: Tales of Valor','company-of-heroes-tales-of-valor','https://media.rawg.io/media/games/249/249cb9b8c402ed713358fcf434bcca11.jpg','rawg','18185','2025-11-28 02:54:03'),(682,'Bloodstained: Ritual of the Night','bloodstained-ritual-of-the-night','https://media.rawg.io/media/games/26c/26cacc55399ed6b2c14e20d2eca0620a.jpg','rawg','61176','2025-11-28 02:54:03'),(683,'PAC-MAN CHAMPIONSHIP EDITION 2','pac-man-championship-edition-2','https://media.rawg.io/media/screenshots/7fa/7fa3e1fbabb9fb5c77525e47fa49e261.jpg','rawg','17158','2025-11-28 02:54:03'),(684,'Realm Royale','realm-royale','https://media.rawg.io/media/games/621/62130da33398d23116ac8e61a7b3111a.jpg','rawg','58640','2025-11-28 02:54:04'),(685,'Alice: Madness Returns','alice-madness-returns','https://media.rawg.io/media/games/0b5/0b5410b1e4b3fb72696dcefbf4f1cf40.jpg','rawg','4520','2025-11-28 02:54:04'),(686,'Her Story','her-story','https://media.rawg.io/media/games/a9a/a9a4e45ad8e653df2295e8410b7e96fd.jpg','rawg','2287','2025-11-28 02:54:04'),(687,'Cry of Fear','cry-of-fear','https://media.rawg.io/media/games/e06/e062facadfeb0a0339103bf7e81ca129.jpg','rawg','20992','2025-11-28 02:54:04'),(688,'The Elder Scrolls II: Daggerfall','the-elder-scrolls-chapter-two-daggerfall','https://media.rawg.io/media/games/522/522f66c5f8542a945b9e2b1942f1ad63.jpg','rawg','31771','2025-11-28 02:54:04'),(689,'ArmA II: Operation Arrowhead','arma-2-operation-arrowhead','https://media.rawg.io/media/screenshots/cce/cce227a4ac4e432ee0ba19d0dfe77c30.jpg','rawg','9495','2025-11-28 02:54:04'),(690,'Persona 4 Golden','persona-4-golden','https://media.rawg.io/media/games/b2c/b2c9c6115114c8f7d461b5430e8a7d4a.jpg','rawg','4186','2025-11-28 02:54:04'),(691,'The Incredible Adventures of Van Helsing','the-incredible-adventures-of-van-helsing','https://media.rawg.io/media/games/3c3/3c363e31f4add887affadc82c641de72.jpg','rawg','5711','2025-11-28 02:54:04'),(692,'Helltaker','helltaker','https://media.rawg.io/media/games/67a/67aef58e8ead90609f7adbd20d72a033.jpg','rawg','445442','2025-11-28 02:54:04'),(693,'Goat of Duty','goat-of-duty','https://media.rawg.io/media/screenshots/eef/eef872fddedf40e6d2236bb981725cc6.jpg','rawg','313843','2025-11-28 02:54:04'),(694,'DOOM II','doom-ii','https://media.rawg.io/media/games/38a/38af969459ad6e5de116ec8a4a84218c.jpg','rawg','17975','2025-11-28 02:54:04'),(695,'Call of Duty: Ghosts','call-of-duty-ghosts','https://media.rawg.io/media/games/eb2/eb24800b4491701eca481e7c990bce4a.jpg','rawg','7439','2025-11-28 02:54:04'),(696,'Duke Nukem Forever','duke-nukem-forever','https://media.rawg.io/media/games/08a/08aa92e004f13ad2d41127327314c3f9.jpg','rawg','4483','2025-11-28 02:54:04'),(697,'Serious Sam 2','serious-sam-2','https://media.rawg.io/media/games/bc7/bc77b1eb8e35df2d90b952bac5342c75.jpg','rawg','16649','2025-11-28 02:54:04'),(698,'AudioSurf','audiosurf','https://media.rawg.io/media/screenshots/0f5/0f585fa72f534f62f9e5da051179f5de.jpg','rawg','16856','2025-11-28 02:54:04'),(699,'Need for Speed Rivals','need-for-speed-rivals','https://media.rawg.io/media/games/1fa/1fa75f0895240b12fc65cc98ae9649fd.jpg','rawg','3838','2025-11-28 02:54:04'),(700,'STAR WARS - The Force Unleashed Ultimate Sith Edition','star-wars-the-force-unleashed-ultimate-sith-editio','https://media.rawg.io/media/games/b2d/b2db4496b084b235742cf6e9894bbf36.jpg','rawg','15861','2025-11-28 02:54:04'),(701,'Dark Souls','dark-souls','https://media.rawg.io/media/games/582/582b5518a52f5086d15dde128264b94d.jpg','rawg','5538','2025-11-28 02:54:04'),(702,'Gears of War','gears-of-war','https://media.rawg.io/media/games/988/98834d39955e7f15d3717fac438128aa.jpg','rawg','28615','2025-11-28 02:54:04'),(703,'Assassin\'s Creed 2 Deluxe Edition','assassins-creed-2-deluxe-edition','https://media.rawg.io/media/games/c14/c14d85f2ec10e82e3d5cd837c9c0a56d.jpg','rawg','13525','2025-11-28 02:54:04'),(704,'Valkyria Chronicles','valkyria-chronicles','https://media.rawg.io/media/games/0d4/0d4e5446db732e2fcce34d1dcb4dd914.jpg','rawg','5706','2025-11-28 02:54:04'),(705,'Into the Breach','into-the-breach','https://media.rawg.io/media/games/800/800d07ca648a9778a8230f40088e0866.jpg','rawg','13566','2025-11-28 02:54:04'),(706,'Fable III','fable-3','https://media.rawg.io/media/games/827/8276bc29cdc27752e27802b94aea255e.jpg','rawg','28631','2025-11-28 02:54:04'),(707,'Unravel Two','unravel-two','https://media.rawg.io/media/games/3e3/3e355e1b8a5ee47f4c76e28e3055236d.jpg','rawg','58735','2025-11-28 02:54:04'),(708,'The Elder Scrolls IV: Oblivion','the-elder-scrolls-iv-oblivion','https://media.rawg.io/media/games/615/61503312a95d451198d80d9bae275f79.jpg','rawg','5678','2025-11-28 02:54:04'),(709,'inFAMOUS: First Light','infamous-first-light','https://media.rawg.io/media/games/3bd/3bd37baee6dc6e15c278a83c787ebd8d.jpg','rawg','3601','2025-11-28 02:54:04'),(710,'Cortex Command','cortex-command','https://media.rawg.io/media/screenshots/f81/f81fd968a3161e7d35612d8c4232923e.jpg','rawg','13512','2025-11-28 02:54:04'),(711,'Quake','quake','https://media.rawg.io/media/games/3a8/3a82d7f5c90ab082fe475e28d58bee8b.jpg','rawg','54491','2025-11-28 02:54:04'),(712,'Children of Morta','children-of-morta','https://media.rawg.io/media/games/434/43431e04f0cd5419a3d8e31a5c8c3d5d.jpg','rawg','14211','2025-11-28 02:54:04'),(713,'Doom 3: BFG Edition','doom-3-bfg-edition','https://media.rawg.io/media/games/645/64578c2a6daa30995692525172fd13ef.jpg','rawg','17676','2025-11-28 02:54:04'),(714,'Call of Duty: Infinite Warfare','call-of-duty-infinite-warfare','https://media.rawg.io/media/games/6f7/6f7341dd656910be2c2cda39193a7ec9.jpg','rawg','887','2025-11-28 02:54:04'),(715,'Tomb Raider II','tomb-raider-ii','https://media.rawg.io/media/games/cfc/cfc91eccc1de338b75a0576310ccbcec.jpg','rawg','57908','2025-11-28 02:54:04'),(716,'Tom Clancy’s The Division 2','division-2','https://media.rawg.io/media/games/0e5/0e5e869f2e8f496b3f09e00187ea94fc.jpg','rawg','58754','2025-11-28 02:54:04'),(717,'Fahrenheit: Indigo Prophecy Remastered','fahrenheit-indigo-prophecy-remastered','https://media.rawg.io/media/games/b51/b51c46cccb277e6451e2a67e4213a820.jpg','rawg','2296','2025-11-28 02:54:04'),(718,'Gothic II: Gold Edition','gothic-ii-gold-edition','https://media.rawg.io/media/games/5b7/5b7929040526f74f5e6073c06e7de902.jpg','rawg','10389','2025-11-28 02:54:04'),(719,'Guns of Icarus Alliance','guns-of-icarus-alliance','https://media.rawg.io/media/games/57f/57fc2051dd27c9947d12cdf63790d122.jpg','rawg','9871','2025-11-28 02:54:04'),(720,'Deiland','deiland','https://media.rawg.io/media/games/a8b/a8be68d2c23d09f180946fbe5d9cdc56.jpg','rawg','50418','2025-11-28 02:54:04'),(721,'Antichamber','antichamber','https://media.rawg.io/media/screenshots/76f/76ff4289a2a3ad7659cae129b859d67e.jpg','rawg','17998','2025-11-28 02:54:04'),(722,'Day of the Tentacle Remastered','day-of-the-tentacle-remastered','https://media.rawg.io/media/games/764/7648a8802fae5247298d775c85e9535f.jpg','rawg','2639','2025-11-28 02:54:04'),(723,'Trials Fusion','trials-fusion','https://media.rawg.io/media/screenshots/69b/69bb243ea9896ddfc2e051b58e81624d.jpg','rawg','3726','2025-11-28 02:54:04'),(724,'Divinity II: Developer\'s Cut','divinity-ii','https://media.rawg.io/media/games/c88/c88c0929d09ec9270ca1207a0838c202.jpg','rawg','18449','2025-11-28 02:54:05'),(725,'GreedFall','greedfall','https://media.rawg.io/media/games/c68/c6842e7b1e4a8c5fdff79504b7284e49.jpg','rawg','295019','2025-11-28 02:54:05'),(726,'LEGO Batman','lego-batman','https://media.rawg.io/media/games/9f7/9f750cb69a31a42648f45e3681abed3a.jpg','rawg','16543','2025-11-28 02:54:05'),(727,'Northgard','northgard','https://media.rawg.io/media/games/725/725d08c4174c129ce5275c43cd0347c6.jpg','rawg','11214','2025-11-28 02:54:05'),(728,'Need For Speed: Most Wanted','need-for-speed-most-wanted','https://media.rawg.io/media/games/41b/41ba37b6a3e706dc1d27d49afbf0f72a.jpg','rawg','58890','2025-11-28 02:54:05'),(729,'Dungeon Defenders','dungeon-defenders','https://media.rawg.io/media/screenshots/321/3213f56333ca5e92a620f41bd3365637.jpg','rawg','4571','2025-11-28 02:54:05'),(730,'Conan Exiles','conan-exiles','https://media.rawg.io/media/games/c9e/c9e47fd222f631084879d395eee07d66.jpg','rawg','9831','2025-11-28 02:54:05'),(731,'Battlefield Hardline','battlefield-hardline','https://media.rawg.io/media/games/d2b/d2b33b26e0d61aca35d434c8a69e3711.jpg','rawg','3400','2025-11-28 02:54:05'),(732,'Dead Space 3','dead-space-3','https://media.rawg.io/media/games/568/5689c58278e807c1574ceefb8dec026b.jpg','rawg','4154','2025-11-28 02:54:05'),(733,'Resident Evil 0 / Biohazard 0 HD REMASTER','resident-evil-0','https://media.rawg.io/media/games/955/9554440f1c17236c0233b644e47909d2.jpg','rawg','17179','2025-11-28 02:54:05'),(734,'Dying Light 2 Stay Human','dying-light-2','https://media.rawg.io/media/games/73d/73db43df633477d4604c7248292f34b2.jpg','rawg','58758','2025-11-28 02:54:05'),(735,'Serious Sam: The Second Encounter','serious-sam-the-second-encounter','https://media.rawg.io/media/games/68e/68e7d64c8b37ae0de3616aca74cc4bba.jpg','rawg','22790','2025-11-28 02:54:05'),(736,'The Last Guardian','the-last-guardian','https://media.rawg.io/media/games/276/2769b1982cd132a60c69dc5d574445fa.jpg','rawg','693','2025-11-28 02:54:05'),(737,'F1 2018','f1-2018','https://media.rawg.io/media/games/a1c/a1cea552040aecf9414548e209f9c0d8.jpg','rawg','59197','2025-11-28 02:54:05'),(738,'Sonic & All-Stars Racing Transformed','sonic-all-stars-racing-transformed','https://media.rawg.io/media/games/0c1/0c1c9965ba59166ab986a663ab2252dc.jpg','rawg','966','2025-11-28 02:54:05'),(739,'How to Survive','how-to-survive','https://media.rawg.io/media/screenshots/73a/73a2c7af85d51bbdb20516bf2128fd7d.jpg','rawg','3863','2025-11-28 02:54:05'),(740,'Graveyard Keeper','graveyard-keeper','https://media.rawg.io/media/screenshots/066/066eb1b7a3f332b8089645fbf8c3ebdc.jpg','rawg','13199','2025-11-28 02:54:05'),(741,'Hitman: Contracts','hitman-3-contracts','https://media.rawg.io/media/games/07b/07b5abbe6330a76d6b30636d3aa5e0f3.jpg','rawg','22961','2025-11-28 02:54:05'),(742,'Hero Siege','hero-siege','https://media.rawg.io/media/screenshots/71c/71c015df012029897e87ac00b7a8de4c.jpg','rawg','11887','2025-11-28 02:54:05'),(743,'Sherlock Holmes: The Devil\'s Daughter','sherlock-holmes-the-devils-daughter','https://media.rawg.io/media/games/8c3/8c33e956567aae5cfa839e8b4bb1fb39.jpg','rawg','965','2025-11-28 02:54:05'),(744,'Prince of Persia: Warrior Within','prince-of-persia-warrior-within','https://media.rawg.io/media/games/459/459ac8745027643ed7338516c0025cf7.jpg','rawg','13925','2025-11-28 02:54:05'),(745,'Half-Life: Alyx','half-life-alyx','https://media.rawg.io/media/games/855/8552c056d729f34c951c30f3cfef9da8.jpg','rawg','392019','2025-11-28 02:54:05'),(746,'Assassin’s Creed Rogue','assassins-creed-rogue-2','https://media.rawg.io/media/games/3c4/3c4a44ed99c87c56e0cdcfaaaf5c3628.jpg','rawg','17545','2025-11-28 02:54:05'),(747,'DayZ','dayz','https://media.rawg.io/media/games/7d7/7d7c89793578f721df56022c6cf53bb0.jpg','rawg','9811','2025-11-28 02:54:05'),(748,'Worms Armageddon','worms-armageddon','https://media.rawg.io/media/games/96a/96a48ac7487d9db9179d83170afcb16a.jpg','rawg','20466','2025-11-28 02:54:05'),(749,'Dino D-Day','dino-d-day','https://media.rawg.io/media/screenshots/711/7115f17fd8453b9d4d93536446247404.jpg','rawg','10602','2025-11-28 02:54:05'),(750,'Crossout','crossout','https://media.rawg.io/media/games/7a6/7a6f90e85a2e264c3b440bb4787cf378.jpg','rawg','10724','2025-11-28 02:54:05'),(751,'Inscryption','inscryption','https://media.rawg.io/media/games/73e/73efc5c0ac6f354271dae610276f617c.jpg','rawg','479694','2025-11-28 02:54:05'),(752,'OKAMI HD','okami-hd-da-shen-jue-jing-ban','https://media.rawg.io/media/games/a38/a3857b2445c70ac5dbe73b210a827ad8.jpg','rawg','47326','2025-11-28 02:54:05'),(753,'Regions Of Ruin','regions-of-ruin','https://media.rawg.io/media/screenshots/2cc/2cc8e0cfe5df94b586ad42f4319514e9.jpg','rawg','46399','2025-11-28 02:54:05'),(754,'Condemned: Criminal Origins','condemned-criminal-origins','https://media.rawg.io/media/games/98d/98deaf99f06aa3d7e54e1fa69e4a9060.jpg','rawg','14422','2025-11-28 02:54:05'),(755,'Kane and Lynch: Dead Men','kane-and-lynch-dead-men','https://media.rawg.io/media/games/bef/bef072bb5a968347f40cbeefcf7b80db.jpg','rawg','10056','2025-11-28 02:54:05'),(756,'Marvel Heroes','marvel-heroes-omega','https://media.rawg.io/media/screenshots/37f/37f6c595ddfc5050a02f0f95d8805d77.jpg','rawg','37669','2025-11-28 02:54:05'),(757,'Super Hexagon','super-hexagon','https://media.rawg.io/media/screenshots/112/112c9ecfe850e318bb999660361782bb.jpeg','rawg','1612','2025-11-28 02:54:05'),(758,'Persona 5 Royal','persona-5-royal','https://media.rawg.io/media/games/a9c/a9c789951de65da545d51f664b4f2ce0.jpg','rawg','339958','2025-11-28 02:54:05'),(759,'RaceRoom Racing Experience','raceroom-racing-experience','https://media.rawg.io/media/screenshots/c02/c02c64324edc2045ea1fc0601cdaaa0c.jpg','rawg','10342','2025-11-28 02:54:05'),(760,'Catherine','catherine','https://media.rawg.io/media/games/a91/a917f41bb87e4b9e7a762ac87d97a9dc.jpg','rawg','4466','2025-11-28 02:54:05'),(761,'Warface: Ice Breaker','warface-ice-breaker','https://media.rawg.io/media/screenshots/12a/12ab4965b0b871b61d5e8568df27be46.jpg','rawg','10545','2025-11-28 02:54:05'),(762,'Serial Cleaner','serial-cleaner','https://media.rawg.io/media/screenshots/439/4397f836727bdd13bd38deeb4f7355bb_GacwmJ9.jpg','rawg','10980','2025-11-28 02:54:05'),(763,'Arma 3','arma-3','https://media.rawg.io/media/games/7a2/7a2d3c0883f01e43bff02f0d124d4642.jpg','rawg','9997','2025-11-28 02:54:05'),(764,'Dead Island Riptide','dead-island-riptide','https://media.rawg.io/media/games/569/5695d8534579129ad6b40fefa2ef360c.jpg','rawg','4031','2025-11-28 02:54:06'),(765,'Baldur\'s Gate: Enhanced Edition','baldurs-gate-enhanced-edition','https://media.rawg.io/media/games/313/3136687fb0b34490d082b7272a0868e2.jpg','rawg','464','2025-11-28 02:54:06'),(766,'Stealth Inc 2: A Game of Clones','stealth-inc-2-game-of-clones','https://media.rawg.io/media/screenshots/2ff/2ffe731b3388bd795f94c38e9afed60f.jpg','rawg','3374','2025-11-28 02:54:06'),(767,'The Elder Scrolls: Arena','the-elder-scrolls-arena','https://media.rawg.io/media/games/ef8/ef823f3c46ff1e00803888b5c4476e10.jpg','rawg','29658','2025-11-28 02:54:06'),(768,'Star Wars: Dark Forces','star-wars-dark-forces-2','https://media.rawg.io/media/games/5ad/5ad8b055d14c14fd626d5eb42f218bc6.jpg','rawg','15851','2025-11-28 02:54:06'),(769,'Halo 3','halo-3','https://media.rawg.io/media/games/982/982ff61d574fed5e416cb1867b40d9b0.jpg','rawg','28589','2025-11-28 02:54:06'),(770,'Dungeon Defenders II','dungeon-defenders-ii','https://media.rawg.io/media/screenshots/ef8/ef8201008461d1c102b6c11c4114d08e.jpg','rawg','9911','2025-11-28 02:54:06'),(771,'Deus Ex: The Fall','deus-ex-the-fall','https://media.rawg.io/media/games/24d/24df5a8d70c80c15dade8304dd4370a5.jpg','rawg','441','2025-11-28 02:54:06'),(772,'LEGO Batman 2 DC Super Heroes','lego-batman-2','https://media.rawg.io/media/games/3c1/3c139f67a73f0bf5ce0d8f2abf83c0d0.jpg','rawg','19908','2025-11-28 02:54:06'),(773,'Ring of Elysium','europa-2017','https://media.rawg.io/media/screenshots/41b/41b396a56bcce431dfe1beb920e9faf5.jpg','rawg','50214','2025-11-28 02:54:06'),(774,'Kingdom: New Lands','kingdom-new-lands','https://media.rawg.io/media/games/5f6/5f691054fdbec8705491fa1f54a06b8a.jpg','rawg','271','2025-11-28 02:54:06'),(775,'Yakuza Kiwami 2','yakuza-kiwami-2','https://media.rawg.io/media/games/b32/b32735e3f7d95959cc39265f555f2aa8.jpg','rawg','58835','2025-11-28 02:54:06'),(776,'Bulletstorm: Full Clip Edition','bulletstorm-full-clip-edition','https://media.rawg.io/media/games/4ec/4ec6786820944f923eb212a3ed8d23be.jpg','rawg','9659','2025-11-28 02:54:06'),(777,'Command & Conquer: Red Alert 3 - Uprising','command-conquer-red-alert-3-uprising','https://media.rawg.io/media/games/4a1/4a1e460708b6c2114e4735e04dc58510.jpg','rawg','22397','2025-11-28 02:54:06'),(778,'Guacamelee! Gold Edition','guacamelee-gold-edition','https://media.rawg.io/media/games/2eb/2eb8f1b4787c3beaa568bc52c0580cba.jpg','rawg','19655','2025-11-28 02:54:06'),(779,'Mount & Blade','mount-blade','https://media.rawg.io/media/screenshots/ee7/ee7e7b6d5dbf0adf7705eff6912a3e60.jpg','rawg','16813','2025-11-28 02:54:07'),(780,'Teleglitch: Die More Edition','teleglitch-die-more-edition','https://media.rawg.io/media/screenshots/f7b/f7be8b51b1f9d94ddeac27f7b7229440.jpg','rawg','17854','2025-11-28 02:54:07'),(781,'Two Point Hospital','two-point-hospital','https://media.rawg.io/media/games/2b9/2b90a0b4cafe05eefaa2698d6613dc7f.jpg','rawg','51687','2025-11-28 02:54:07'),(782,'Hard Reset Extended Edition','hard-reset-extended-edition','https://media.rawg.io/media/screenshots/e29/e29ce2369152515e9ae20c6e217cbe81.jpg','rawg','16161','2025-11-28 02:54:07'),(783,'Hawken','hawken','https://media.rawg.io/media/games/9da/9da42a4da370cc386c8578f0b2578e2c.jpg','rawg','709','2025-11-28 02:54:07'),(784,'Thief 3: Deadly Shadows','thief-3-deadly-shadows','https://media.rawg.io/media/games/f89/f899f0bdeb6bcd7419d9b2281a693ad8.jpg','rawg','22846','2025-11-28 02:54:07'),(785,'POSTAL','postal','https://media.rawg.io/media/screenshots/7ab/7ab68441389f60523d2f6cb75c6393f2.jpg','rawg','10665','2025-11-28 02:54:07'),(786,'Halo: Reach','halo-reach','https://media.rawg.io/media/games/045/0457f748c9492261ccb46147edf9c761.jpg','rawg','28613','2025-11-28 02:54:07'),(787,'Return Of The Obra Dinn','return-of-the-obra-dinn','https://media.rawg.io/media/games/052/052f9afc7aaeea3e2c5d46eafa92c64e.jpg','rawg','46508','2025-11-28 02:54:07'),(788,'Endless Space 2','endless-space-2','https://media.rawg.io/media/games/72b/72bf31a664fcbcb079baf4ef8221f308.jpg','rawg','10309','2025-11-28 02:54:07'),(789,'A Hat in Time','a-hat-in-time','https://media.rawg.io/media/games/594/5949baae74fe9e399adbce0c44e28783.jpg','rawg','11164','2025-11-28 02:54:07'),(790,'Stick Fight: The Game','stick-fight-the-game','https://media.rawg.io/media/screenshots/424/4246b028e70891609700f1566db8b8dd.jpg','rawg','46560','2025-11-28 02:54:07'),(791,'Observеr','observer_','https://media.rawg.io/media/games/0f4/0f4f4764555736eebfeb01571e44e99e.jpg','rawg','23479','2025-11-28 02:54:07'),(792,'Splitgate','splitgate','https://media.rawg.io/media/games/278/27873379c6d27b968babbeefa9b44da3.jpg','rawg','637477','2025-11-28 02:54:07'),(793,'Full Throttle Remastered','full-throttle-remastered','https://media.rawg.io/media/games/ab1/ab1b125c1bf4899c58fe90226b9a1f5b.jpg','rawg','43','2025-11-28 02:54:07'),(794,'Keep Talking and Nobody Explodes','keep-talking-and-nobody-explodes','https://media.rawg.io/media/games/e88/e88ccd83bb2d69ad04d18b06c5e0df3d.jpg','rawg','1073','2025-11-28 02:54:07'),(795,'Geneshift','geneshift','https://media.rawg.io/media/screenshots/80a/80a0d07be6109fde6b92ac5283e7056c.jpg','rawg','10023','2025-11-28 02:54:07'),(796,'Trackmania Turbo','trackmania-turbo','https://media.rawg.io/media/games/82e/82eeea65ebb047cc7f366faf2fb062b6.jpg','rawg','2659','2025-11-28 02:54:07'),(797,'Divine Divinity','divine-divinity','https://media.rawg.io/media/games/7d8/7d89761cadbd930a2e3cf7ff2679882f.jpg','rawg','17844','2025-11-28 02:54:07'),(798,'Diablo III: Reaper of Souls','diablo-iii-reaper-of-souls','https://media.rawg.io/media/games/202/2023cb28ef354720a2ca4652727687d0.jpg','rawg','28418','2025-11-28 02:54:07'),(799,'Dragon Age 2','dragon-age-2','https://media.rawg.io/media/games/974/974d08635981db7677630327ce1fe4bb.jpg','rawg','28580','2025-11-28 02:54:07'),(800,'Astroneer','astroneer','https://media.rawg.io/media/games/02f/02f775a806c6cd64c28d5aeca928dc76.jpg','rawg','11460','2025-11-28 02:54:07'),(801,'Gears of War 2','gears-of-war-2','https://media.rawg.io/media/games/51b/51ba5f9b280c6fec71c293fe276e24ec.jpg','rawg','28619','2025-11-28 02:54:07'),(802,'Star Wars: The Old Republic','star-wars-the-old-republic','https://media.rawg.io/media/games/baa/baac774072d6319a166a453b8b3506df.jpg','rawg','38965','2025-11-28 02:54:07'),(803,'Marvel’s Avengers','marvels-avengers','https://media.rawg.io/media/games/1eb/1ebef06e55f756974654c35b9aedb127.jpg','rawg','58859','2025-11-28 02:54:07'),(1285,'Lethal League','lethal-league','https://media.rawg.io/media/screenshots/65b/65b9b6c96f093df897d14844e7b60819_bcrhbi4.jpg','rawg','16948','2025-11-28 03:18:27'),(1286,'Laser League','laser-league','https://media.rawg.io/media/games/30d/30dd8b149224b828cb0942d0addbb37a.jpg','rawg','28160','2025-11-28 03:18:27'),(1288,'Lethal League Blaze','lethal-league-blaze','https://media.rawg.io/media/games/2ae/2ae1c72fcdf0d9fa2e950129c1ce7880.jpg','rawg','59677','2025-11-28 03:18:27'),(1289,'Ruined King: A League of Legends Story','ruined-king','https://media.rawg.io/media/games/ca9/ca914d13db738b6072d6eac2208c6470.jpg','rawg','398406','2025-11-28 03:18:27'),(1290,'FootLOL: Epic Fail League','footlol-epic-fail-league','https://media.rawg.io/media/screenshots/c84/c841102a515d24777f91b4861a84fb5b.jpg','rawg','16928','2025-11-28 03:18:27'),(1291,'Suicide Squad: Kill The Justice League','suicide-squad-kill-the-justice-league','https://media.rawg.io/media/games/eac/eac17db790a988f47e5700d176497694.jpg','rawg','457728','2025-11-28 03:18:27'),(1292,'Quantum League','quantum-league','https://media.rawg.io/media/screenshots/a81/a8169a30972a2377803f72354c0d7172.jpg','rawg','320394','2025-11-28 03:18:27'),(1293,'League of Maidens','league-of-maidens','https://media.rawg.io/media/screenshots/38c/38c5d5ec397ccff93443728c156d2b72.jpg','rawg','23467','2025-11-28 03:18:27'),(1294,'Supreme League of Patriots','supreme-league-of-patriots','https://media.rawg.io/media/screenshots/02a/02acaeddec6c26f08c8fcc9ebe5cd51c.jpg','rawg','17046','2025-11-28 03:18:27'),(1295,'Galactic Junk League','galactic-junk-league','https://media.rawg.io/media/screenshots/79a/79a3bb05433a752949d9896820807385.jpg','rawg','10566','2025-11-28 03:18:27'),(1296,'Supreme League of Patriots - Episode 2: Patriot Frames','supreme-league-of-patriots-episode-2-patriot-frame','https://media.rawg.io/media/screenshots/156/156cf75d7d518d6076aaadeb74827e98.jpg','rawg','17047','2025-11-28 03:18:27'),(1297,'Supreme League of Patriots - Episode 3: Ice Cold in Ellis','supreme-league-of-patriots-episode-3-ice-cold-in-e','https://media.rawg.io/media/screenshots/c7c/c7c0a556f4d087bf570d0b088adc2d20.jpg','rawg','17048','2025-11-28 03:18:27'),(1298,'RIGS Mechanized Combat League','rigs-mechanized-combat-league','https://media.rawg.io/media/games/36d/36dae9a964184acd9470c6d412b60a20.jpg','rawg','1084','2025-11-28 03:18:27'),(1299,'The Drone Racing League: High Voltage','the-drone-racing-league-high-voltage','https://media.rawg.io/media/screenshots/841/841cbaae9ca3e4b99b4c5b1f700d7f30.jpg','rawg','43861','2025-11-28 03:18:27'),(1300,'The Lamplighters League','the-lamplighters-league','https://media.rawg.io/media/games/c7c/c7ccd246724aab1151476607c44ae0e1.jpg','rawg','966344','2025-11-28 03:18:27'),(1301,'League Of Guessing','league-of-guessing','https://media.rawg.io/media/screenshots/288/288adc91d648b0dc278e1dec7b86f4d6.jpg','rawg','14227','2025-11-28 03:18:27'),(1302,'Team Racing League','team-racing-league','https://media.rawg.io/media/screenshots/feb/feb1c10d4af4ff5c11caa2972aa06e52.jpg','rawg','10036','2025-11-28 03:18:27'),(1303,'Iron League','iron-league','https://media.rawg.io/media/screenshots/b30/b30d03cc957f3a13f86aab66007e8c44.jpg','rawg','60730','2025-11-28 03:18:27'),(1304,'The Enlightened League of Bone Builders and the Osseous Enigma','the-enlightened-league-of-bone-builders-and-the-os','https://media.rawg.io/media/screenshots/d87/d87f334d0e8f183542145f620e781903.jpg','rawg','18624','2025-11-28 03:18:28'),(1305,'Hextech Mayhem: A League of Legends Story','hextech-mayhem-a-league-of-legends-story','https://media.rawg.io/media/games/b22/b225aa835ce31dcb1d012e8e93153d3c.jpg','rawg','692681','2025-11-28 03:18:28'),(1306,'Roadclub: League Racing','roadclub-league-racing','https://media.rawg.io/media/screenshots/c10/c109a7b2b239ce7c5712345304348338.jpg','rawg','12769','2025-11-28 03:18:28'),(1307,'Quantum League - Free Open Beta','quantum-league-free-open-beta','https://media.rawg.io/media/screenshots/033/033de9b653c5f09a508e9bdf4c892f80.jpg','rawg','427932','2025-11-28 03:18:28'),(1308,'League of Angels-Heaven\'s Fury','league-of-angels-heavens-fury','https://media.rawg.io/media/screenshots/3df/3df8d950589302b99a0ba958b5407963.jpg','rawg','492185','2025-11-28 03:18:28'),(1309,'Ping Pong League','ping-pong-league','https://media.rawg.io/media/screenshots/fd9/fd9181b3a15edb7096317bbd8c074039.jpg','rawg','12793','2025-11-28 03:18:28'),(1310,'League of Legends: Wild Rift','league-of-legends-wild-rift','https://media.rawg.io/media/games/3c7/3c773379b9a4161528bf12a2c9346e93.jpg','rawg','383516','2025-11-28 03:18:28'),(1311,'Major League Gladiators','major-league-gladiators','https://media.rawg.io/media/screenshots/354/354d722893fb658e42bd2f758c8d9e39.jpg','rawg','49723','2025-11-28 03:18:28'),(1312,'League of Evil','league-of-evil','https://media.rawg.io/media/screenshots/66c/66c5525694fe80dce1ba2901214470d9.jpeg','rawg','395','2025-11-28 03:18:28'),(1313,'Kunio-kun no Nekketsu Soccer League','kunio-kun-no-nekketsu-soccer-league','https://media.rawg.io/media/games/876/8764efc52fba503a00af64a2cd51f66c.jpg','rawg','246464','2025-11-28 03:18:28'),(1314,'League of Mermaids','league-of-mermaids','https://media.rawg.io/media/screenshots/354/354b875aee0922c468f30c842708fdee.jpg','rawg','21774','2025-11-28 03:18:28'),(1315,'Mario Strikers: Battle League','mario-strikers-battle-league','https://media.rawg.io/media/games/7bc/7bc6f95486e6ec39b959dc37a9e8093b.jpg','rawg','736258','2025-11-28 03:18:28'),(1316,'Song of Nunu: A League of Legends Story','song-of-nunu-a-league-of-legends-story','https://media.rawg.io/media/games/6b2/6b2a6e31326778ec3d902b505c00decd.jpg','rawg','695800','2025-11-28 03:18:28'),(1317,'Mutant Football League','mutant-football-league','https://media.rawg.io/media/screenshots/527/527bfd5eff51377987f2b24ec19c33d5.jpg','rawg','46921','2025-11-28 03:18:28'),(1318,'The Mageseeker: A League of Legends Story','the-mageseeker-a-league-of-legends-story','https://media.rawg.io/media/screenshots/6e2/6e255d703ec5483978693453af35efd4.jpg','rawg','938172','2025-11-28 03:18:28'),(1319,'Blitz: The League II','blitz-the-league-ii','https://media.rawg.io/media/screenshots/6d7/6d7c018f17f68a9e963fa4360e17df48.jpg','rawg','28984','2025-11-28 03:18:28'),(1320,'CONVERGENCE: A League of Legends Story','convrgence-a-league-of-legends-story','https://media.rawg.io/media/games/f3f/f3faac7c2ab5217a265f0356a64c08b8.jpeg','rawg','961272','2025-11-28 03:18:28'),(1321,'The Drone Racing League Simulator','the-drone-racing-league-simulator','https://media.rawg.io/media/screenshots/45a/45a64c3d275d9ca7838a178ef906931a.jpg','rawg','496773','2025-11-28 03:18:28'),(1322,'League of Pirates','league-of-pirates','https://media.rawg.io/media/screenshots/7f5/7f558be66e32e3bfae5c5f0070aaf376.jpg','rawg','63531','2025-11-28 03:18:28'),(1323,'Override 2: Super Mech League','override-2-super-mech-league','https://media.rawg.io/media/screenshots/5e7/5e7ad42ee52bd174bb65c938866f21a2.jpg','rawg','520361','2025-11-28 03:18:28'),(1326,'Men of Valor','men-of-valor','https://media.rawg.io/media/screenshots/42d/42d1063c7e48ad048d4ea20991adf833.jpg','rawg','13376','2025-11-28 03:19:16'),(1327,'Star Valor','star-valor','https://media.rawg.io/media/screenshots/f17/f172803490439dac249e3438dd523dc1.jpg','rawg','59960','2025-11-28 03:19:16'),(1328,'Arena of Valor','arena-of-valor','https://media.rawg.io/media/games/aaf/aaf7777c82c127abf495557ee1c9b9f6.jpg','rawg','51200','2025-11-28 03:19:16'),(1329,'Dragon Valor','dragon-valor','https://media.rawg.io/media/screenshots/60d/60d73612d9f886407bec396badbc0243.jpg','rawg','52890','2025-11-28 03:19:16'),(1330,'Valor Mortis','valor-mortis','https://media.rawg.io/media/screenshots/20e/20e62ea7ec2a498bf56e31058f0bd4b1.jpg','rawg','1008986','2025-11-28 03:19:16'),(1331,'Spellcraft: Aspects of Valor','spellcraft-aspects-of-valor','https://media.rawg.io/media/screenshots/1df/1dfaf328fb21f0ca7bc8f957d54fd720.jpg','rawg','30706','2025-11-28 03:19:16'),(1332,'Valor & Victory','valor-victory','https://media.rawg.io/media/screenshots/09c/09c87150bcabae37ba5095faa5a972ab.jpg','rawg','255854','2025-11-28 03:19:16'),(1333,'Uncommon Valor: Campaign for the South Pacific','uncommon-valor-campaign-for-the-south-pacific','https://media.rawg.io/media/screenshots/9b2/9b2ee5bef7bca53c4e28a31ff41f1d48.jpg','rawg','29649','2025-11-28 03:19:16'),(1334,'Valor Time','valor-time','https://media.rawg.io/media/screenshots/e08/e0877cf7d7d539794c35b886a5b33858.jpg','rawg','62328','2025-11-28 03:19:16'),(1335,'Valorant (itch)','valorant-itch','https://media.rawg.io/media/screenshots/491/491c40b53352893f5b00e5a19fbfcdb1.jpg','rawg','566992','2025-11-28 03:19:16'),(1336,'Medal Of Valor','medal-of-valor','https://media.rawg.io/media/screenshots/622/622d22e69b9767140bf4cdb78aaff2a3_Eo7WSan.jpg','rawg','227290','2025-11-28 03:19:16'),(1337,'Wings Of Valor','wings-of-valor','https://media.rawg.io/media/screenshots/60d/60dce3bd9d19797576f5319ed988ebda.jpeg','rawg','2591','2025-11-28 03:19:16'),(1338,'Heroes of Valor','heroes-of-valor','https://media.rawg.io/media/screenshots/c70/c709698df6f86d61f7ef2e0dbc55a2c4.jpg','rawg','1001423','2025-11-28 03:19:16'),(1339,'Valorant 2.0','valorant-20','https://media.rawg.io/media/screenshots/a69/a694b94b5fc5141954043efc98a28a91.jpg','rawg','747495','2025-11-28 03:19:16'),(1340,'Valorant (Level Remake)','valorant-level-remake','https://media.rawg.io/media/screenshots/991/9915ac102185d5aa613376d4766d6b35.jpg','rawg','548852','2025-11-28 03:19:16'),(1341,'Road to Valor: World War II','road-to-valor-world-war-ii','https://media.rawg.io/media/screenshots/009/0094fee1858a2ea7febc796c7ed58bb3_BCsNlgm.jpg','rawg','376249','2025-11-28 03:19:16'),(1342,'Soldiers Of Valor','soldiers-of-valor','https://media.rawg.io/media/screenshots/12f/12fa26049b5365ec3688293496af60f6_NIW0Ar3.jpg','rawg','243337','2025-11-28 03:19:16'),(1343,'Grit and Valor - 1949','grit-and-valor-1949','https://media.rawg.io/media/screenshots/18d/18d8baf7b21926da6be5097954ff93a2.jpg','rawg','1000242','2025-11-28 03:19:16'),(1344,'Valorant History Mode','valorant-history-mode','https://media.rawg.io/media/screenshots/cff/cff2cd288e85615e7bf65226405f5af2.jpg','rawg','471939','2025-11-28 03:19:17'),(1345,'Commanders of Valor','commanders-of-valor','https://media.rawg.io/media/screenshots/e0e/e0eddfb2c8d162bce22df8473bc78dcd.jpg','rawg','392234','2025-11-28 03:19:17'),(1346,'Valor and Immortals','valor-and-immortals','https://media.rawg.io/media/screenshots/970/970e914de1be13ca803a02f2682166df.jpg','rawg','475192','2025-11-28 03:19:17'),(1347,'Operation: Valor','operation-valor','https://media.rawg.io/media/screenshots/73c/73cfd58375dfd8a75d595c7379c96608.jpg','rawg','353458','2025-11-28 03:19:17'),(1348,'MMO Dungeon Healer: Quest of Valor','mmo-dungeon-healer-quest-of-valor','https://media.rawg.io/media/screenshots/0e0/0e021d9611456fb2955655af095383ff.jpg','rawg','431482','2025-11-28 03:19:17'),(1349,'Medal Of Valor 4 WW2 FREE','medal-of-valor-4-ww2-free','https://media.rawg.io/media/screenshots/680/680a21a1a1a49d630dac23df20bde592.jpg','rawg','227288','2025-11-28 03:19:17'),(1350,'Medal Of Valor 4 WW2 ZOMBIES','medal-of-valor-4-ww2-zombies','https://media.rawg.io/media/screenshots/f66/f664d7579ca8e60dbb8b8d9ac4c83ab4.jpg','rawg','227300','2025-11-28 03:19:17'),(1351,'Tales of Valor (Short Technical Demo)','tales-of-valor-short-technical-demo','https://media.rawg.io/media/screenshots/704/704f4076805f266dedff2b79128455ab.jpg','rawg','910113','2025-11-28 03:19:17'),(1352,'Valor of Battle','valor-of-battle','https://media.rawg.io/media/screenshots/4ad/4ad1f67a7f2c35ebc81353bcc2f1185c.jpg','rawg','983893','2025-11-28 03:19:17'),(1353,'Valor Chronicles','valor-chronicles','https://media.rawg.io/media/screenshots/00e/00eb642221b577c5621ee9bcd5ee18f4.jpg','rawg','268251','2025-11-28 03:19:17'),(1354,'Valor do Respeito','valor-do-respeito','https://media.rawg.io/media/screenshots/f0b/f0be1f6ba9f14f0e5ec8569ed986abe9.jpg','rawg','628753','2025-11-28 03:19:17'),(1355,'Raze satchel ability from Valorant','raze-satchel-ability-from-valorant','https://media.rawg.io/media/screenshots/10e/10e265209b53fe8a52a5d3e7680ba01b.jpg','rawg','784487','2025-11-28 03:19:17'),(1356,'Valor','valor-2','https://media.rawg.io/media/screenshots/f03/f035f60ef2e650a84ece12b6afd53847.jpg','rawg','644759','2025-11-28 03:19:17'),(1357,'Bastion of Valor (itch)','bastion-of-valor','https://media.rawg.io/media/screenshots/521/5218b999347a036cc6398b8602307895.jpg','rawg','603281','2025-11-28 03:19:17'),(1358,'Valorous Asteroids','valorous-asteroids','https://media.rawg.io/media/screenshots/79e/79e779243fcdca75e3974d0ddc419cb8.jpg','rawg','604804','2025-11-28 03:19:17'),(1359,'Valorous','valorous','https://media.rawg.io/media/screenshots/a5c/a5caf6d6bdab1d5fbfe5aa74b3b6c3c1.jpg','rawg','650296','2025-11-28 03:19:17'),(1360,'1v1 Battle with valorant weapons 2D','1v1-battle-with-valorant-weapons-2d','https://media.rawg.io/media/screenshots/16b/16be1e7f2eb70154a918d5c03ab87377.jpg','rawg','684559','2025-11-28 03:19:17'),(1361,'Valor and Glory: Napoleonic Wars','valor-and-glory-napoleonic-wars','https://media.rawg.io/media/screenshots/f70/f702a0cb43da2955f88e85e206f565b8.jpg','rawg','491520','2025-11-28 03:19:17'),(1362,'Curious Penguin Legend - Freedom Fall Of Valor Bungee Bird With True Umbrella Free','curious-penguin-legend-freedom-fall-of-valor-bunge','https://media.rawg.io/media/screenshots/ba6/ba632aede22ae6daa1a7217b998129fe.jpg','rawg','245151','2025-11-28 03:19:17'),(1363,'Guardians of Valor','guardians-of-valor',NULL,'rawg','333909','2025-11-28 03:19:17'),(1366,'Call of Duty: Black Ops 4 + Destiny 2: Forsaken + Overwatch','call-of-duty-black-ops-4-destiny-2-forsaken-overwa','https://media.rawg.io/media/screenshots/72a/72a3464ee22dab3a250ba0dc7e3f0d22.jpg','rawg','279057','2025-11-28 03:19:42'),(1367,'Overwatch 2: Watchpoint Pack','overwatch-2-watchpoint-pack','https://media.rawg.io/media/games/330/3302391af221bb55cb7efb9e8de66bc2.jpg','rawg','862968','2025-11-28 03:19:42'),(1368,'Overwatch 2 - Starter Pack: Season One','overwatch-2-starter-pack-season-one','https://media.rawg.io/media/games/933/93373cba5acda657212914f4433bac63.jpg','rawg','862984','2025-11-28 03:19:42'),(1369,'Overwatch 2 - Starter Pack: Season Three','overwatch-2-starter-pack-season-three','https://media.rawg.io/media/games/919/9198ba96cf25c175eec45887d68a1f9a.jpg','rawg','936412','2025-11-28 03:19:42'),(1370,'Overwatch Free Trial','overwatch-free-trial','https://media.rawg.io/media/screenshots/859/85906b569adba41b2b28e7cf31a53a82.jpg','rawg','532525','2025-11-28 03:19:42'),(1371,'Overwatch 2 - Starter Pack: Season Two','overwatch-2-starter-pack-season-two','https://media.rawg.io/media/games/bbc/bbced25dd0b9f3d6e3c1ac34bf3391cf.jpg','rawg','936411','2025-11-28 03:19:42'),(1372,'Overwatch infinite jumping','overwatch-infinite-jumping','https://media.rawg.io/media/screenshots/c95/c956aedd1f1e28ea48c6682985894061.jpg','rawg','258012','2025-11-28 03:19:42'),(1373,'D.va Dash - An Overwatch Fangame','dva-dash-an-overwatch-fangame','https://media.rawg.io/media/screenshots/447/447e3d649100bb71139683e94b09e449.jpg','rawg','112004','2025-11-28 03:19:42'),(1374,'Overwatch Card Game','overwatch-card-game','https://media.rawg.io/media/screenshots/c2b/c2b942b84830493be72b6e878bd08280.jpg','rawg','703365','2025-11-28 03:19:42'),(1375,'Overwatch Message Demo [Fangame]','overwatch-message-demo-fangame','https://media.rawg.io/media/screenshots/63c/63c11eaf11d5f612f328650e7c08b1ea.jpg','rawg','387477','2025-11-28 03:19:42'),(1376,'Overwatch: Castle of the Knights','overwatch-castle-of-the-knights','https://media.rawg.io/media/screenshots/071/0717827a85653ea5afc5d4366b90b6ab.jpg','rawg','383999','2025-11-28 03:19:42'),(1377,'Clock Overwatch','clock-overwatch','https://media.rawg.io/media/screenshots/f71/f71d224c1264688e703d57e61b4fac12.jpg','rawg','472257','2025-11-28 03:19:42'),(1378,'Overwatch Concept Map - Shanghai','overwatch-concept-map-shanghai','https://media.rawg.io/media/screenshots/923/92320ebc6b5fc9b620e50f7bd546611c.jpg','rawg','398888','2025-11-28 03:19:42'),(1379,'OVERWATCH: Memory Cards Game','overwatch-memory-cards-game','https://media.rawg.io/media/screenshots/4da/4da3a5a5d1106ee582d767b99843e327.jpg','rawg','549119','2025-11-28 03:19:42'),(1380,'OverWare - An Overwatch Fangame! [GAME JAM]','overware-an-overwatch-fangame-game-jam','https://media.rawg.io/media/screenshots/e51/e5199f000948d42ccd2af5bde2bbf82d.jpg','rawg','713380','2025-11-28 03:19:42'),(1381,'My Games Companion (Dead by Daylight and Overwatch)','my-games-companion-dead-by-daylight-and-overwatch','https://media.rawg.io/media/screenshots/6c0/6c0df41b72d7591d512d8bcbb454de87.jpg','rawg','800869','2025-11-28 03:19:42'),(1382,'Ginfo Overwatch Edition','ginfo-overwatch-edition','https://media.rawg.io/media/screenshots/1e1/1e1b00c840901905a1acda54241a25db.jpg','rawg','354348','2025-11-28 03:19:42'),(1383,'Overwatch Wrestling','overwatch-wrestling','https://media.rawg.io/media/screenshots/49d/49d3579f2e277ac78ef3cdfa6a7d2744.jpg','rawg','176967','2025-11-28 03:19:42'),(1384,'Genjoo (Definitely not an Overwatch Ripoff)','genjoo-definitely-not-an-overwatch-ripoff','https://media.rawg.io/media/screenshots/8bf/8bf07c39d09151531945889854707303.jpg','rawg','175076','2025-11-28 03:19:43'),(1385,'Memory: Overwatch Edition','memory-overwatch-edition','https://media.rawg.io/media/screenshots/529/5297d34ee4002a51d4b090f4fbcf8ce5.jpg','rawg','171118','2025-11-28 03:19:43'),(1386,'overwatch (itch)','overwatch-itch','https://media.rawg.io/media/screenshots/fc5/fc51f20ea98cdfda088452edde678e9b.jpg','rawg','370735','2025-11-28 03:19:43'),(1387,'Overwatch Character Prototype','overwatch-character-prototype','https://media.rawg.io/media/screenshots/ce8/ce8fe015cf4ab50a37a69a5df341466e.jpg','rawg','415807','2025-11-28 03:19:43'),(1388,'Handle Overwatch into the pyramid','handle-overwatch-into-the-pyramid','https://media.rawg.io/media/screenshots/c98/c98dcba30ae27160f49e5e1e52287ec6.jpg','rawg','198017','2025-11-28 03:19:43'),(1389,'Overwatch VR Test','overwatch-vr-test','https://media.rawg.io/media/screenshots/6b6/6b676be6b51fd8c3f1570f9908f16736.jpg','rawg','104217','2025-11-28 03:19:43'),(1390,'Lootbox Clicker for Overwatch','lootbox-clicker-for-overwatch','https://media.rawg.io/media/screenshots/d10/d107b78b24c651981f9d611a8be66bf9_0ha4l2r.jpg','rawg','255922','2025-11-28 03:19:43'),(1391,'Overwatch: Comeback','overwatch-comeback','https://media.rawg.io/media/screenshots/5c3/5c304217f57baa74f391470ce2bf6d09.jpg','rawg','740269','2025-11-28 03:19:43');
/*!40000 ALTER TABLE `games` ENABLE KEYS */;
UNLOCK TABLES;

--
-- Table structure for table `notifications`
--

DROP TABLE IF EXISTS `notifications`;
/*!40101 SET @saved_cs_client     = @@character_set_client */;
/*!50503 SET character_set_client = utf8mb4 */;
CREATE TABLE `notifications` (
  `id` int NOT NULL AUTO_INCREMENT,
  `user_id` bigint unsigned NOT NULL,
  `type` varchar(50) NOT NULL,
  `actor_id` int DEFAULT NULL,
  `post_id` int DEFAULT NULL,
  `room_id` int DEFAULT NULL,
  `message` varchar(255) DEFAULT NULL,
  `is_read` tinyint(1) DEFAULT '0',
  `created_at` datetime DEFAULT CURRENT_TIMESTAMP,
  PRIMARY KEY (`id`),
  KEY `user_id` (`user_id`),
  CONSTRAINT `notifications_ibfk_1` FOREIGN KEY (`user_id`) REFERENCES `users` (`id`) ON DELETE CASCADE
) ENGINE=InnoDB AUTO_INCREMENT=43 DEFAULT CHARSET=utf8mb4 COLLATE=utf8mb4_0900_ai_ci;
/*!40101 SET character_set_client = @saved_cs_client */;

--
-- Dumping data for table `notifications`
--

LOCK TABLES `notifications` WRITE;
/*!40000 ALTER TABLE `notifications` DISABLE KEYS */;
INSERT INTO `notifications` VALUES (1,1,'CHAT_MESSAGE',3,NULL,1,'zz',1,'2025-11-26 12:38:07'),(2,2,'CHAT_MESSAGE',3,NULL,1,'zz',1,'2025-11-26 12:38:07'),(3,1,'CHAT_MESSAGE',3,NULL,1,'dd',1,'2025-11-26 12:38:14'),(4,2,'CHAT_MESSAGE',3,NULL,1,'dd',1,'2025-11-26 12:38:14'),(5,2,'CHAT_MESSAGE',3,NULL,6,'ㅈㅈㅈㅈ',1,'2025-11-26 12:38:25'),(6,3,'FOLLOWED_USER_POST',2,12,NULL,'www',1,'2025-11-26 12:53:12'),(7,3,'CHAT_MESSAGE',2,NULL,6,'1111',1,'2025-11-26 13:15:21'),(8,2,'CHAT_MESSAGE',3,NULL,6,'ㅇㅇㅇㅇ',1,'2025-11-26 16:58:57'),(9,2,'CHAT_MESSAGE',3,NULL,6,'2222',1,'2025-11-26 16:59:03'),(10,2,'CHAT_MESSAGE',3,NULL,6,'4444',1,'2025-11-26 16:59:23'),(11,3,'CHAT_MESSAGE',2,NULL,6,'11',0,'2025-11-26 17:03:06'),(12,2,'CHAT_MESSAGE',3,NULL,6,'22',1,'2025-11-26 17:03:09'),(13,2,'CHAT_MESSAGE',3,NULL,6,'ㅁㅁ',1,'2025-11-26 17:03:59'),(14,2,'CHAT_MESSAGE',3,NULL,6,'ㅇㅇㅇ',1,'2025-11-26 17:14:07'),(15,2,'CHAT_MESSAGE',3,NULL,6,'ㅁㄴㅇ',1,'2025-11-26 17:14:08'),(16,2,'CHAT_MESSAGE',3,NULL,6,'ㅂㅈㄷ',1,'2025-11-26 17:14:09'),(17,2,'CHAT_MESSAGE',3,NULL,6,'ㅁㄴㅇ',1,'2025-11-26 17:14:26'),(18,2,'CHAT_MESSAGE',3,NULL,6,'ㅈㅂㄱ',1,'2025-11-26 17:14:31'),(19,2,'CHAT_MESSAGE',3,NULL,6,'ㅁㄴㅇ',1,'2025-11-26 17:54:18'),(20,1,'CHAT_MESSAGE',3,NULL,1,'222',1,'2025-11-26 17:54:24'),(21,2,'CHAT_MESSAGE',3,NULL,1,'222',1,'2025-11-26 17:54:24'),(22,2,'CHAT_MESSAGE',1,NULL,1,'ㅁㅁㅁ',1,'2025-11-27 16:39:43'),(23,3,'CHAT_MESSAGE',1,NULL,1,'ㅁㅁㅁ',0,'2025-11-27 16:39:43'),(24,1,'CHAT_MESSAGE',2,NULL,3,'111',0,'2025-11-27 16:40:21'),(25,1,'CHAT_MESSAGE',2,NULL,1,'222',0,'2025-11-27 17:41:16'),(26,3,'CHAT_MESSAGE',2,NULL,1,'222',0,'2025-11-27 17:41:16'),(27,1,'FOLLOWED_USER_POST',2,15,NULL,'aa',0,'2025-11-28 10:13:13'),(28,3,'FOLLOWED_USER_POST',2,15,NULL,'aa',0,'2025-11-28 10:13:13'),(29,1,'FOLLOWED_USER_POST',2,17,NULL,'생존자 하이라이트 #데바데',0,'2025-11-28 13:15:25'),(30,3,'FOLLOWED_USER_POST',2,17,NULL,'생존자 하이라이트 #데바데',0,'2025-11-28 13:15:25'),(31,1,'FOLLOWED_USER_POST',2,18,NULL,'발헤임 재밌다 #발헤임',0,'2025-11-28 13:29:35'),(32,3,'FOLLOWED_USER_POST',2,18,NULL,'발헤임 재밌다 #발헤임',0,'2025-11-28 13:29:35'),(33,1,'FOLLOWED_USER_POST',2,19,NULL,'협동게임 꿀잼 #wewerehere',0,'2025-11-28 14:19:47'),(34,3,'FOLLOWED_USER_POST',2,19,NULL,'협동게임 꿀잼 #wewerehere',0,'2025-11-28 14:19:47'),(35,1,'FOLLOWED_USER_POST',2,20,NULL,'협동게임 꿀잼 #wewerehere',0,'2025-11-28 14:21:17'),(36,3,'FOLLOWED_USER_POST',2,20,NULL,'협동게임 꿀잼 #wewerehere',0,'2025-11-28 14:21:17'),(37,1,'FOLLOWED_USER_POST',2,21,NULL,'협동게임 꿀잼 #wewerehere',0,'2025-11-28 14:27:01'),(38,3,'FOLLOWED_USER_POST',2,21,NULL,'협동게임 꿀잼 #wewerehere',0,'2025-11-28 14:27:01'),(39,1,'FOLLOWED_USER_POST',2,22,NULL,'재밌는 다잉라이트 #dyingLight',0,'2025-11-28 16:32:24'),(40,3,'FOLLOWED_USER_POST',2,22,NULL,'재밌는 다잉라이트 #dyingLight',0,'2025-11-28 16:32:24'),(41,1,'FOLLOWED_USER_POST',2,23,NULL,'재밌는 협동게임 #잇테이크투',0,'2025-11-28 16:49:55'),(42,3,'FOLLOWED_USER_POST',2,23,NULL,'재밌는 협동게임 #잇테이크투',0,'2025-11-28 16:49:55');
/*!40000 ALTER TABLE `notifications` ENABLE KEYS */;
UNLOCK TABLES;

--
-- Table structure for table `post_bookmarks`
--

DROP TABLE IF EXISTS `post_bookmarks`;
/*!40101 SET @saved_cs_client     = @@character_set_client */;
/*!50503 SET character_set_client = utf8mb4 */;
CREATE TABLE `post_bookmarks` (
  `id` bigint unsigned NOT NULL AUTO_INCREMENT,
  `post_id` bigint unsigned NOT NULL,
  `user_id` bigint unsigned NOT NULL,
  `created_at` timestamp NULL DEFAULT CURRENT_TIMESTAMP,
  PRIMARY KEY (`id`),
  UNIQUE KEY `uq_post_bookmark` (`post_id`,`user_id`),
  KEY `idx_post_bookmarks_user` (`user_id`,`post_id`),
  KEY `idx_post_bookmarks_post` (`post_id`),
  CONSTRAINT `fk_post_bookmarks_post` FOREIGN KEY (`post_id`) REFERENCES `posts` (`id`) ON DELETE CASCADE,
  CONSTRAINT `fk_post_bookmarks_user` FOREIGN KEY (`user_id`) REFERENCES `users` (`id`) ON DELETE CASCADE
) ENGINE=InnoDB AUTO_INCREMENT=16 DEFAULT CHARSET=utf8mb4 COLLATE=utf8mb4_0900_ai_ci;
/*!40101 SET character_set_client = @saved_cs_client */;

--
-- Dumping data for table `post_bookmarks`
--

LOCK TABLES `post_bookmarks` WRITE;
/*!40000 ALTER TABLE `post_bookmarks` DISABLE KEYS */;
INSERT INTO `post_bookmarks` VALUES (5,10,3,'2025-11-25 08:20:52'),(12,9,1,'2025-11-26 09:12:48'),(14,11,2,'2025-11-27 02:45:03'),(15,14,2,'2025-11-27 07:27:48');
/*!40000 ALTER TABLE `post_bookmarks` ENABLE KEYS */;
UNLOCK TABLES;

--
-- Table structure for table `post_comments`
--

DROP TABLE IF EXISTS `post_comments`;
/*!40101 SET @saved_cs_client     = @@character_set_client */;
/*!50503 SET character_set_client = utf8mb4 */;
CREATE TABLE `post_comments` (
  `id` bigint unsigned NOT NULL AUTO_INCREMENT,
  `post_id` bigint unsigned NOT NULL,
  `user_id` bigint unsigned NOT NULL,
  `content` text NOT NULL,
  `created_at` timestamp NULL DEFAULT CURRENT_TIMESTAMP,
  PRIMARY KEY (`id`),
  KEY `fk_post_comments_user` (`user_id`),
  KEY `idx_post_comments_post` (`post_id`,`created_at`),
  CONSTRAINT `fk_post_comments_post` FOREIGN KEY (`post_id`) REFERENCES `posts` (`id`) ON DELETE CASCADE,
  CONSTRAINT `fk_post_comments_user` FOREIGN KEY (`user_id`) REFERENCES `users` (`id`) ON DELETE CASCADE
) ENGINE=InnoDB AUTO_INCREMENT=15 DEFAULT CHARSET=utf8mb4 COLLATE=utf8mb4_0900_ai_ci;
/*!40101 SET character_set_client = @saved_cs_client */;

--
-- Dumping data for table `post_comments`
--

LOCK TABLES `post_comments` WRITE;
/*!40000 ALTER TABLE `post_comments` DISABLE KEYS */;
INSERT INTO `post_comments` VALUES (1,8,2,'댓글테스트1234','2025-11-25 04:01:45'),(2,8,2,'바로댓글1','2025-11-25 06:12:39'),(3,8,2,'qwrporwqnopwrqonrnorwonpwronpwqnponpoyonnesnutrsnnrttrntrnssrssrsnrsn','2025-11-25 06:24:50'),(4,8,2,'qwrporwqnopwrqonrnorwonpwronpwqnponpoyonnesnutrsnnrttrntrnssrssrsnrsnqwrporwqnopwrqonrnorwonpwronpwqnponpoyonnesnutrsnnrttrntrnssrssrsnrsnqwrporwqnopwrqonrnorwonpwronpwqnponpoyonnesnutrsnnrttrntrnssrssrsnrsnqwrporwqnopwrqonrnorwonpwronpwqnponpoyonnesnutrsnnrttrntrnssrssrsnrsnqwrporwqnopwrqonrnorwonpwronpwqnponpoyonnesnutrsnnrttrntrnssrssrsnrsnqwrporwqnopwrqonrnorwonpwronpwqnponpoyonnesnutrsnnrttrntrnssrssrsnrsn','2025-11-25 06:24:59'),(5,11,2,'sss','2025-11-26 07:41:51'),(6,11,2,'굿','2025-11-27 02:41:22'),(7,11,2,'ㅁㅁ','2025-11-27 02:49:07'),(8,11,2,'ㅌㅌ','2025-11-27 02:49:16'),(9,9,1,'zz','2025-11-27 05:57:36'),(10,11,1,'aa','2025-11-27 06:01:38'),(11,9,1,'22','2025-11-27 06:01:59'),(12,11,1,'22','2025-11-27 06:02:49'),(13,14,2,'aa','2025-11-27 07:27:56'),(14,14,2,'22','2025-11-27 07:27:59');
/*!40000 ALTER TABLE `post_comments` ENABLE KEYS */;
UNLOCK TABLES;

--
-- Table structure for table `post_likes`
--

DROP TABLE IF EXISTS `post_likes`;
/*!40101 SET @saved_cs_client     = @@character_set_client */;
/*!50503 SET character_set_client = utf8mb4 */;
CREATE TABLE `post_likes` (
  `id` bigint unsigned NOT NULL AUTO_INCREMENT,
  `post_id` bigint unsigned NOT NULL,
  `user_id` bigint unsigned NOT NULL,
  `created_at` timestamp NULL DEFAULT CURRENT_TIMESTAMP,
  PRIMARY KEY (`id`),
  UNIQUE KEY `uk_post_user` (`post_id`,`user_id`),
  KEY `idx_likes_user` (`user_id`),
  CONSTRAINT `fk_likes_post` FOREIGN KEY (`post_id`) REFERENCES `posts` (`id`) ON DELETE CASCADE,
  CONSTRAINT `fk_likes_user` FOREIGN KEY (`user_id`) REFERENCES `users` (`id`) ON DELETE CASCADE
) ENGINE=InnoDB AUTO_INCREMENT=32 DEFAULT CHARSET=utf8mb4 COLLATE=utf8mb4_0900_ai_ci;
/*!40101 SET character_set_client = @saved_cs_client */;

--
-- Dumping data for table `post_likes`
--

LOCK TABLES `post_likes` WRITE;
/*!40000 ALTER TABLE `post_likes` DISABLE KEYS */;
INSERT INTO `post_likes` VALUES (3,6,2,'2025-11-25 03:21:32'),(11,8,2,'2025-11-26 01:33:45'),(28,11,2,'2025-11-27 02:45:07'),(30,14,2,'2025-11-27 07:27:48');
/*!40000 ALTER TABLE `post_likes` ENABLE KEYS */;
UNLOCK TABLES;

--
-- Table structure for table `post_media`
--

DROP TABLE IF EXISTS `post_media`;
/*!40101 SET @saved_cs_client     = @@character_set_client */;
/*!50503 SET character_set_client = utf8mb4 */;
CREATE TABLE `post_media` (
  `id` bigint unsigned NOT NULL AUTO_INCREMENT,
  `post_id` bigint unsigned NOT NULL,
  `media_type` enum('IMAGE','VIDEO') NOT NULL,
  `url` varchar(500) NOT NULL,
  `sort_order` int unsigned NOT NULL DEFAULT '0',
  `created_at` timestamp NULL DEFAULT CURRENT_TIMESTAMP,
  PRIMARY KEY (`id`),
  KEY `idx_media_post` (`post_id`,`sort_order`),
  CONSTRAINT `fk_media_post` FOREIGN KEY (`post_id`) REFERENCES `posts` (`id`) ON DELETE CASCADE
) ENGINE=InnoDB AUTO_INCREMENT=24 DEFAULT CHARSET=utf8mb4 COLLATE=utf8mb4_0900_ai_ci;
/*!40101 SET character_set_client = @saved_cs_client */;

--
-- Dumping data for table `post_media`
--

LOCK TABLES `post_media` WRITE;
/*!40000 ALTER TABLE `post_media` DISABLE KEYS */;
INSERT INTO `post_media` VALUES (4,6,'IMAGE','/uploads/i016824155089-1764039609244-406313800.gif',0,'2025-11-25 03:00:09'),(5,7,'IMAGE','/uploads/banana-1764039970773-643246038.jpg',0,'2025-11-25 03:06:10'),(6,7,'IMAGE','/uploads/bank-1764039970775-829040820.jpg',1,'2025-11-25 03:06:10'),(7,7,'IMAGE','/uploads/bori-1764039970780-502451174.jpg',2,'2025-11-25 03:06:10'),(8,8,'VIDEO','/uploads/flower-1764039986064-172412332.mp4',0,'2025-11-25 03:06:26'),(9,9,'IMAGE','/uploads/cabbage-1764050676144-459539347.jpg',0,'2025-11-25 06:04:36'),(10,11,'IMAGE','/uploads/GClipLogo-1764122809487-589325386.png',0,'2025-11-26 02:06:49'),(14,14,'IMAGE','/uploads/logo-1764228455817-459883405.png',0,'2025-11-27 07:27:35'),(15,15,'IMAGE','/uploads/GClipLogo-1764292393319-527935942.png',0,'2025-11-28 01:13:13'),(21,21,'IMAGE','/uploads/GClipLogo-1764307621805-160613880.png',0,'2025-11-28 05:27:01'),(22,22,'IMAGE','/uploads/GClipLogo-1764315144500-851190624.png',0,'2025-11-28 07:32:24'),(23,23,'IMAGE','/uploads/GClipLogo-1764316195226-107006938.png',0,'2025-11-28 07:49:55');
/*!40000 ALTER TABLE `post_media` ENABLE KEYS */;
UNLOCK TABLES;

--
-- Table structure for table `post_tags`
--

DROP TABLE IF EXISTS `post_tags`;
/*!40101 SET @saved_cs_client     = @@character_set_client */;
/*!50503 SET character_set_client = utf8mb4 */;
CREATE TABLE `post_tags` (
  `id` bigint NOT NULL AUTO_INCREMENT,
  `post_id` bigint unsigned NOT NULL,
  `tag_id` bigint NOT NULL,
  `created_at` datetime NOT NULL DEFAULT CURRENT_TIMESTAMP,
  PRIMARY KEY (`id`),
  UNIQUE KEY `uq_post_tag` (`post_id`,`tag_id`),
  KEY `tag_id` (`tag_id`),
  CONSTRAINT `post_tags_ibfk_1` FOREIGN KEY (`post_id`) REFERENCES `posts` (`id`),
  CONSTRAINT `post_tags_ibfk_2` FOREIGN KEY (`tag_id`) REFERENCES `tags` (`id`)
) ENGINE=InnoDB AUTO_INCREMENT=11 DEFAULT CHARSET=utf8mb4 COLLATE=utf8mb4_0900_ai_ci;
/*!40101 SET character_set_client = @saved_cs_client */;

--
-- Dumping data for table `post_tags`
--

LOCK TABLES `post_tags` WRITE;
/*!40000 ALTER TABLE `post_tags` DISABLE KEYS */;
INSERT INTO `post_tags` VALUES (3,15,3,'2025-11-28 13:03:45'),(8,21,8,'2025-11-28 14:27:01'),(9,22,9,'2025-11-28 16:32:24'),(10,23,10,'2025-11-28 16:49:55');
/*!40000 ALTER TABLE `post_tags` ENABLE KEYS */;
UNLOCK TABLES;

--
-- Table structure for table `posts`
--

DROP TABLE IF EXISTS `posts`;
/*!40101 SET @saved_cs_client     = @@character_set_client */;
/*!50503 SET character_set_client = utf8mb4 */;
CREATE TABLE `posts` (
  `id` bigint unsigned NOT NULL AUTO_INCREMENT,
  `user_id` bigint unsigned NOT NULL,
  `game_id` bigint unsigned DEFAULT NULL,
  `caption` text,
  `like_count` int unsigned NOT NULL DEFAULT '0',
  `comment_count` int unsigned NOT NULL DEFAULT '0',
  `created_at` timestamp NULL DEFAULT CURRENT_TIMESTAMP,
  PRIMARY KEY (`id`),
  KEY `idx_posts_created` (`created_at` DESC),
  KEY `idx_posts_user` (`user_id`),
  KEY `fk_posts_game` (`game_id`),
  CONSTRAINT `fk_posts_game` FOREIGN KEY (`game_id`) REFERENCES `games` (`id`),
  CONSTRAINT `fk_posts_user` FOREIGN KEY (`user_id`) REFERENCES `users` (`id`) ON DELETE CASCADE
) ENGINE=InnoDB AUTO_INCREMENT=24 DEFAULT CHARSET=utf8mb4 COLLATE=utf8mb4_0900_ai_ci;
/*!40101 SET character_set_client = @saved_cs_client */;

--
-- Dumping data for table `posts`
--

LOCK TABLES `posts` WRITE;
/*!40000 ALTER TABLE `posts` DISABLE KEYS */;
INSERT INTO `posts` VALUES (6,2,1,'롤 하이라이트',1,0,'2025-11-25 03:00:09'),(7,2,3,'오버워치 하이라이트',0,0,'2025-11-25 03:06:10'),(8,2,2,'발로란트 하이라이트',1,4,'2025-11-25 03:06:26'),(9,2,1,'sdaopoqowjoppojropqwrojqpwrjowrjowpqjropwqjrowqrqworwqrwqrqwrqwrqwrqwrqwrr',0,2,'2025-11-25 06:04:36'),(10,2,3,'가나다라마바사아자차카가나다라마바사아자차카가나다라마바사아자차카가나다라마바사아자차카가나다라마바사아자차카가나다라마바사아자차카가나다라마바사아자차카가나다라마바사아자차카가나다라마바사아자차카',0,0,'2025-11-25 06:08:25'),(11,2,1,'aaa',1,6,'2025-11-26 02:06:49'),(14,1,1,'aaweqw',1,2,'2025-11-27 07:27:35'),(15,2,206,'라오어 #라스트오브어스',0,0,'2025-11-28 01:13:13'),(21,2,653,'협동게임 꿀잼 #wewerehere',0,0,'2025-11-28 05:27:01'),(22,2,405,'재밌는 다잉라이트 #dyingLight',0,0,'2025-11-28 07:32:24'),(23,2,344,'재밌는 협동게임 #잇테이크투',0,0,'2025-11-28 07:49:55');
/*!40000 ALTER TABLE `posts` ENABLE KEYS */;
UNLOCK TABLES;

--
-- Table structure for table `reports`
--

DROP TABLE IF EXISTS `reports`;
/*!40101 SET @saved_cs_client     = @@character_set_client */;
/*!50503 SET character_set_client = utf8mb4 */;
CREATE TABLE `reports` (
  `id` int NOT NULL AUTO_INCREMENT,
  `reporter_id` int NOT NULL,
  `target_user_id` int DEFAULT NULL,
  `target_post_id` int DEFAULT NULL,
  `reason` varchar(500) NOT NULL,
  `created_at` datetime DEFAULT CURRENT_TIMESTAMP,
  PRIMARY KEY (`id`)
) ENGINE=InnoDB DEFAULT CHARSET=utf8mb4 COLLATE=utf8mb4_0900_ai_ci;
/*!40101 SET character_set_client = @saved_cs_client */;

--
-- Dumping data for table `reports`
--

LOCK TABLES `reports` WRITE;
/*!40000 ALTER TABLE `reports` DISABLE KEYS */;
/*!40000 ALTER TABLE `reports` ENABLE KEYS */;
UNLOCK TABLES;

--
-- Table structure for table `tags`
--

DROP TABLE IF EXISTS `tags`;
/*!40101 SET @saved_cs_client     = @@character_set_client */;
/*!50503 SET character_set_client = utf8mb4 */;
CREATE TABLE `tags` (
  `id` bigint NOT NULL AUTO_INCREMENT,
  `name` varchar(100) NOT NULL,
  `created_at` datetime NOT NULL DEFAULT CURRENT_TIMESTAMP,
  PRIMARY KEY (`id`),
  UNIQUE KEY `name` (`name`)
) ENGINE=InnoDB AUTO_INCREMENT=11 DEFAULT CHARSET=utf8mb4 COLLATE=utf8mb4_0900_ai_ci;
/*!40101 SET character_set_client = @saved_cs_client */;

--
-- Dumping data for table `tags`
--

LOCK TABLES `tags` WRITE;
/*!40000 ALTER TABLE `tags` DISABLE KEYS */;
INSERT INTO `tags` VALUES (3,'라스트오브어스','2025-11-28 13:03:45'),(4,'데바데','2025-11-28 13:14:35'),(5,'발헤임','2025-11-28 13:28:45'),(8,'wewerehere','2025-11-28 14:27:01'),(9,'dyinglight','2025-11-28 16:32:24'),(10,'잇테이크투','2025-11-28 16:49:55');
/*!40000 ALTER TABLE `tags` ENABLE KEYS */;
UNLOCK TABLES;

--
-- Table structure for table `user_achievements`
--

DROP TABLE IF EXISTS `user_achievements`;
/*!40101 SET @saved_cs_client     = @@character_set_client */;
/*!50503 SET character_set_client = utf8mb4 */;
CREATE TABLE `user_achievements` (
  `id` bigint NOT NULL AUTO_INCREMENT,
  `user_id` bigint unsigned NOT NULL,
  `achievement_id` bigint NOT NULL,
  `achieved_at` datetime NOT NULL DEFAULT CURRENT_TIMESTAMP,
  PRIMARY KEY (`id`),
  UNIQUE KEY `uq_user_ach` (`user_id`,`achievement_id`),
  KEY `achievement_id` (`achievement_id`),
  CONSTRAINT `user_achievements_ibfk_1` FOREIGN KEY (`user_id`) REFERENCES `users` (`id`),
  CONSTRAINT `user_achievements_ibfk_2` FOREIGN KEY (`achievement_id`) REFERENCES `achievements` (`id`)
) ENGINE=InnoDB DEFAULT CHARSET=utf8mb4 COLLATE=utf8mb4_0900_ai_ci;
/*!40101 SET character_set_client = @saved_cs_client */;

--
-- Dumping data for table `user_achievements`
--

LOCK TABLES `user_achievements` WRITE;
/*!40000 ALTER TABLE `user_achievements` DISABLE KEYS */;
/*!40000 ALTER TABLE `user_achievements` ENABLE KEYS */;
UNLOCK TABLES;

--
-- Table structure for table `user_blocks`
--

DROP TABLE IF EXISTS `user_blocks`;
/*!40101 SET @saved_cs_client     = @@character_set_client */;
/*!50503 SET character_set_client = utf8mb4 */;
CREATE TABLE `user_blocks` (
  `id` int NOT NULL AUTO_INCREMENT,
  `blocker_id` int NOT NULL,
  `blocked_id` int NOT NULL,
  `created_at` datetime DEFAULT CURRENT_TIMESTAMP,
  PRIMARY KEY (`id`),
  UNIQUE KEY `uniq_block` (`blocker_id`,`blocked_id`)
) ENGINE=InnoDB DEFAULT CHARSET=utf8mb4 COLLATE=utf8mb4_0900_ai_ci;
/*!40101 SET character_set_client = @saved_cs_client */;

--
-- Dumping data for table `user_blocks`
--

LOCK TABLES `user_blocks` WRITE;
/*!40000 ALTER TABLE `user_blocks` DISABLE KEYS */;
/*!40000 ALTER TABLE `user_blocks` ENABLE KEYS */;
UNLOCK TABLES;

--
-- Table structure for table `user_stats`
--

DROP TABLE IF EXISTS `user_stats`;
/*!40101 SET @saved_cs_client     = @@character_set_client */;
/*!50503 SET character_set_client = utf8mb4 */;
CREATE TABLE `user_stats` (
  `user_id` bigint unsigned NOT NULL,
  `post_count` int DEFAULT '0',
  `received_likes` int DEFAULT '0',
  `received_comments` int DEFAULT '0',
  `exp` int DEFAULT '0',
  `level` int DEFAULT '1',
  `updated_at` datetime NOT NULL DEFAULT CURRENT_TIMESTAMP ON UPDATE CURRENT_TIMESTAMP,
  PRIMARY KEY (`user_id`),
  CONSTRAINT `user_stats_ibfk_1` FOREIGN KEY (`user_id`) REFERENCES `users` (`id`)
) ENGINE=InnoDB DEFAULT CHARSET=utf8mb4 COLLATE=utf8mb4_0900_ai_ci;
/*!40101 SET character_set_client = @saved_cs_client */;

--
-- Dumping data for table `user_stats`
--

LOCK TABLES `user_stats` WRITE;
/*!40000 ALTER TABLE `user_stats` DISABLE KEYS */;
INSERT INTO `user_stats` VALUES (1,2,1,4,54,1,'2025-11-27 16:27:35'),(2,8,7,5,189,2,'2025-11-28 16:49:55');
/*!40000 ALTER TABLE `user_stats` ENABLE KEYS */;
UNLOCK TABLES;

--
-- Table structure for table `users`
--

DROP TABLE IF EXISTS `users`;
/*!40101 SET @saved_cs_client     = @@character_set_client */;
/*!50503 SET character_set_client = utf8mb4 */;
CREATE TABLE `users` (
  `id` bigint unsigned NOT NULL AUTO_INCREMENT,
  `email` varchar(255) NOT NULL,
  `password_hash` varchar(255) NOT NULL,
  `username` varchar(50) NOT NULL,
  `nickname` varchar(50) NOT NULL,
  `avatar_url` varchar(500) DEFAULT NULL,
  `bio` varchar(200) DEFAULT NULL,
  `created_at` timestamp NULL DEFAULT CURRENT_TIMESTAMP,
  PRIMARY KEY (`id`),
  UNIQUE KEY `email` (`email`),
  UNIQUE KEY `username` (`username`)
) ENGINE=InnoDB AUTO_INCREMENT=4 DEFAULT CHARSET=utf8mb4 COLLATE=utf8mb4_0900_ai_ci;
/*!40101 SET character_set_client = @saved_cs_client */;

--
-- Dumping data for table `users`
--

LOCK TABLES `users` WRITE;
/*!40000 ALTER TABLE `users` DISABLE KEYS */;
INSERT INTO `users` VALUES (1,'test@example.com','$2b$10$EFnGLEGX4uclTx1VRRDh4.ukAsU/goBXXeFMxcvgJGGIYrZX9.rSq','testuser','테스트유저','/uploads/avatar/avatar-1-1764138294308.png','','2025-11-24 08:30:12'),(2,'sungmin3790@gmail.com','$2b$10$/jgLndM0tTfrLW6yKHUeduuwgLOUscx1F.3w7T0S9EljXYXeyTNr2','seongmin3790','김성민','/uploads/avatar/avatar-2-1764118151005.png','adv','2025-11-24 08:51:11'),(3,'tjdals3790@naver.com','$2b$10$i11D7ZOjoOrTgpKQTya4T.PFXIZvo3BhJuYJGJYN4EhouS/LvzHFO','tjdals3790','성민김','/uploads/avatar/avatar-3-1764129173901.webp','','2025-11-25 07:59:11');
/*!40000 ALTER TABLE `users` ENABLE KEYS */;
UNLOCK TABLES;
/*!40103 SET TIME_ZONE=@OLD_TIME_ZONE */;

/*!40101 SET SQL_MODE=@OLD_SQL_MODE */;
/*!40014 SET FOREIGN_KEY_CHECKS=@OLD_FOREIGN_KEY_CHECKS */;
/*!40014 SET UNIQUE_CHECKS=@OLD_UNIQUE_CHECKS */;
/*!40101 SET CHARACTER_SET_CLIENT=@OLD_CHARACTER_SET_CLIENT */;
/*!40101 SET CHARACTER_SET_RESULTS=@OLD_CHARACTER_SET_RESULTS */;
/*!40101 SET COLLATION_CONNECTION=@OLD_COLLATION_CONNECTION */;
/*!40111 SET SQL_NOTES=@OLD_SQL_NOTES */;

-- Dump completed on 2025-11-28 17:04:09
